annotation_id,contexte_avant,texte,contexte_apres,label,confiance_1_3,notes
M0000,Hairy ?,"I mean it's hairy -- they got some pretty heavy ordnance, boy -- I've lost a few recon ships in there now and again.",So? I heard you had a good bunch of killers here.,,,
M0001,"Could be, I guess.","Want to go out for a drink?  I mean, we're both sitting here, and Joey Venza's in jail...","Yeah, I like that!  Where you go, I follow.",,,
M0002,Could be risky.,"Well, maybe I could just start a rumor, then.","No, I mean doing it at my house.",,,
M0003,Elsa never really believed in the Grail. She thought she'd found a prize.,"What did you find, Dad?",Me?... Illumination.,,,
M0004,Your passport! What kind of a proof is that?,Would you like to see where I was tattooed?,Sure.,,,
M0005,,They could've been brothers. It's why the eyewitnesses picked Shu.,Christ... Shu is innocent.,,,
M0006,"Like I had to say it? No, I wanted to say it.",You didn't say it.,I love you too.,,,
M0007,,"Yes, but, sir... if it could be accomplished, wouldn't that eliminate disease from the human frame and render man invulnerable to any but a violent death?","How old are you, young man?",,,
M0008,,"The world's gettin' worse, I think, Sailor. And it don't sound like there's much we can do about it, neither.","This ain't news, sweetheart. I hate to tell ya.",,,
M0009,"No, sir. That girl in the cemetery? My cat didn't kill that girl. I told you cats don't go around looking for trouble. If that cat's alive, it's out in the country hiding under a bush, starving to death.","You really think so, Charlie?","That cat ain't mean. I feed him out of my own hand for six years. Why don't he kill me? At night in the truck, I let him out of the cage. When I am falling asleep I hear him walking back and forth. I go to sleep. He don't hurt me.",,,
M0010,"Ok, dudes, follow my lead.",Wait a minute. We ditching the rest of school?,,,,
M0011,"Glorious, analytical...",The telephone is ringing.,"Oh, let it ring.",,,
M0012,When?,"You know, when you gave him a beatin'.","Nothin'. Salvy was out of line. He was drunk or somethin', I dunno. Anyway, the windup was I gave him a beatin'. Tommy called me down, and we straightened it out. It's all forgotten about.",,,
M0013,,"Well, apparently it was a big mistake to try talking to you. Don't you remember what we promised to each other?  Honesty - trust!","Come on, this isn't about honesty. You just need a good night's sleep. The way you toss and turn all night, even I hardly get any sleep.",,,
M0014,,That was kid gloves?,"Have no fear, Osborne, we have not yet begun to fight.",,,
M0015,,So.  Where have you been staying for the last week?,I think you know that.,,,
M0016,,"If looks could kill, I'm dead...","No, I don't care about you -- you're fantastic.  My whole interest, if it's not too late, is in Susie...and how to undo what you've done to her...",,,
M0017,"C'mon, man... My ""demise...""  Overreaction","""Over--""  You know - I can maybe understand, since I been gone, you taking up this dumb-ass life of crime, and for that I can partly blame myself. But what is baffling to me, is how, since I been gone, you've become a complete and total moron--","Hey, now -",,,
M0018,Everything.  I'm a goddamn human-pinata...,Calm down.  Why would they keep playing after you paid?,You think I know?  I paid them <u>more</u> to make it stop.,,,
M0019,"No, my cocktail steward.  Look, if you're interested in whether I'm married or not -",I'm not interested at all.,"Well, I'm not.",,,
M0020,"Ah... pity, pity...","You don't understand, sir, we can't get the bomb to drop.","Ah, so many malfunctions... why don't you have anything nice to tell me when you activate me? Oh, well, did you try the azimuth clutch?",,,
M0021,Yes. Where were you when you saw him first?,Fifty yards right down there.,Which side of the road?,,,
M0022,Because...  We're just friends.  That's all. Just friends. WALTER I get it.  I see the whole thing now. No one knows if Walter Paisley is born!,"Jeez, what is your problem all of a sudden?","Oh sure, let's string along poor Walter, see how far it will take us!",,,
M0023,"Mark this, come what will of it, I swear I will fight the man who pretends to the hand of Dorothy Dugan.  I'll follow him if it's into the church, and meet him there. I'll have his blood, or he shall have mine.  Will you take my message to him, and arrange the meeting?","Well, if it must be, it must.  For a young fellow, you are the most bloodthirsty I ever saw.  No officer, bearing His Majesty's commission, can receive a glass of wine on his nose, without resenting it -- fight you must, and Best is a huge, strong fellow.",He'll give the better mark.  I am not afraid of him.,,,
M0024,My little sanctum is at your disposal. But I don't think I understand -,I'm going to live right here.  As long as I have to.,"But a morning newspaper, Mr. Kane. After all, we're practically closed twelve hours a day - except for the business offices -",,,
M0025,"For a minute, I thought maybe Walter Burns was at the back of it. But then I realized he couldn't have been.","Oh, no. How could you ever think of such a thing?","Oh, I realized right away. He's really a very nice fellow, Hildy -- I found that out.",,,
M0026,I'll join you later.,And <U>do</U> bring Miss Marsh--  --when she's had time to tidy up a bit.,,,,
M0027,Dealing with stuff way beyond my maturity level. Where is everyone?,Bren took Liberty Bell to her tot ice skating class.,Tot ice skating? Tots can't ice skate. Liberty Bell's still getting the hang of stairs.,,,
M0028,What?,And some new clothes.,Why?,,,
M0029,They've got lives to be grateful for.,"William, you're not making sense.",[Beat] They're at Church. And I bet that's where Becker is.,,,
M0030,Good night.,I've lost half a pound since Tuesday.,Good.,,,
M0031,"Glencorse -- that's a lonely cemetery, Fettes, not a soul around for miles.","They'll be thinking of that, too.",Tosh!  Fettes!  It's not their grief I'm worrying about -- I'm talking of our own end --,,,
M0032,,"Look, it's not your fault, okay? It's me.  It's my fault--you just married the wrong person.",So we've got problems.  Everybody's got problems--that's normal--,,,
M0033,I would say he's pretty depraved.,Oh no; quite the contrary. He's really just a child.,,,,
M0034,I think I know...,Something most important you can do.,"You want to play ""Cora."" You want me to tell Lloyd I think you should play it.",,,
M0035,What?,I've got to think of Emily -,I'd like to talk to you about that.,,,
M0036,Did you talk to Corey?,"Why, did you tell Corey what happened?",She figured it out.  I'm sorry if that upsets you.,,,
M0037,Are you and Dr. Woodly engaged?,Who have you been talking to?,What difference does that make?  Is Dr. Woodly going to be my father now?,,,
M0038,Ruined -- all the fields -- ruined.,Mary -- but look -- it didn't touch an ear of my corn -- we'll have a rich harvest.,,,,
M0039,Oh!,"Oh, no! It's not for you. You're only going to get married. Mrs. Dickson and I are going to go on the honeymoon.",,,,
M0040,I don't think a mother should depend so much upon her children for her rewards in life.,"Well, maybe that's what they teach you in New York University. In real life, it don't work out that way. You wait till you are a mother.",It's silly of me to argue about it. I don't know the people involved.,,,
M0041,,"Yes, I'm ready now.","Then close your eyes, and tap your heels together three times.",,,
M0042,What are you thinking?,Of all the people who have been born... and have died... while the trees went on living.,"Their true name is Sequoia Sempervirens: always green, ever- living.",,,
M0043,,I can't do it!,Don't! You're making me lose my grip.,,,
M0044,,We'll take a rain check.,I don't want you to think that I'm a drinker. I can stop any time I want to - only I don't want to.  Especially when I'm blue.,,,
M0045,Hi Walter...,What are you doing here so early?,,,,
M0046,Two tourists who never went home.,You helped him get this job.,That's what friends do.,,,
M0047,I guess so.,"Don't worry, honey, I'll protect you.",Okay.,,,
M0048,"It's about time we spoke to each other, isn't it?",Well... is it so urgent?,"If I wait until tomorrow, it'll be the same as yesterday and the day before and all the other days. When you're not with your poor people, you're praying or you disappear, I never see you.",,,
M0049,What is it?,A deju vu is usually a glitch in the Matrix.  It happens when they change something.,,,,
M0050,,-- you perverted hypocrite square bastards.,OK.,,,
M0051,Yes. I went to jail.,Do you wish that you were punished by your parents instead?,They... didn't buy me what I wanted for Christmas that year.,,,
M0052,Get me Room 414.,What do you think you're doing?,,,,
M0053,,"Oh, come on-I mean, I was still younger.","Hey, that was last year.",,,
M0054,,"Look here, Jim--if you and Joe are going to gab about this appointment *any* longer, I'm going ahead and see those committees!",You'll see those committees when we're finished!,,,
M0055,"Look, I can do it!","What's gotten into you, Babe? I remember the time when you'd blast this town wide open before you'd let Cobb get away with a thing like this.","Oh, he's not getting away with anything.",,,
M0056,You mean like going to the pictures?,Something like that.,"Well, that's good. I like to viddy the old films now and again.",,,
M0057,"Why, you sweet thing, you. Where'd you get it pressed?","Listen, BratI'm going to count to ten. If you're not out of bed by then I'm going to yank you out myself.",,,,
M0058,"Wakin' me up in the middle of the night -- talkin' to me about things they don't understand. Callin' me a Bolshevik. I'm an anarchist. It's got nothin' to do with bombs. It's the philosophy that guarantees every man freedom. You see that, don't you?","Sure I do, Earl.",,,,
M0059,,What is it doing?,It's scared of me.,,,
M0060,I'll call her up.,"You call her up for yourself, Angie. I don't feel like calling her up.",,,,
M0061,"Well, you see, your uncle didn't bother with that sort of thing. He left everything to us. He traveled most of the time, and enjoyed himself. You should do the same thing, Mr. Deeds.","Besides wanting to be my lawyer, you also want to handle my investments too?",Yes. That is to say,,,
M0062,Face and head scars come from amateur amusements in the bar room. This love line here...  ...that's from some crazy Frenchie come after me with a knife. I caught him with a good right hand right in the snot locker and laid him amongst the sweetpeas.,Ever see one like this?,,,,
M0063,Yeah.,And did you find the leopard?,,,,
M0064,It's not bad.,How old are you?,Thirty-five.,,,
M0065,What makes you say that?,If he didn't you'd never sit still while this was happening.,You sure? Maybe that's the kind of friend I am.,,,
M0066,"So come home and live rent free, 'stead of that cockroach palace you live in. $50,000 Jesus Christ, the world is off its rocker. I made $37,000 last year and you...","It's Queens, Dad and a 5% mortgage and you rent the top room--I gotta live in Manhattan to be a player, Dad. There's no nobility in poverty anymore, y'know. One day you're going to be proud of me, you'll see...","It's yourself you've got to be proud of, Huckleberry, how much ya need?",,,
M0067,It's beautiful. Thank you.,I hope it brings you luck.,It will.,,,
M0068,,"You know, there ought to be a Congressional Medal for men like you. America's comfort to misunderstood wives. I never thought I would find myself in that class.","Oh, you're not so badly off. There's something much worse than being a misunderstood wife.",,,
M0069,"I hate to burst your bubble, but other than the fact that you're especially sadistic, there's nothing unusual about these precious murders of yours.",You know that's not true.,"In two months, no one's going to even remember this happened.",,,
M0070,Know what my next move is? No more cigarettes.,Why don't you put me in chains?,I might.,,,
M0071,"No, San Francisco. What are you...?",What kind of law?,Criminal.,,,
M0072,,"Alvy, you were... Alvy, you were just great, I'm not kidding. It was- You were so neat.",C-c-coll- College audiences are so wonderful.,,,
M0073,I'm Michael.,Michael's great.  I like Michael.,,,,
M0074,What?,What-what? Where you been the last four five years? Outer space?,When Mother died Pop sent me out to school in the country. He was afraid with no one home I'd get into bad company.,,,
M0075,Nothing.,And when she goes to those places...,She is not my wife.,,,
M0076,"Come on, stand still.",Get out of here!,It's not gonna hurt you.,,,
M0077,Did you say--bus?,"One of those sightseers--you know. You see, I--gosh, I've never been called absent-minded or... but there it was all of a sudden--looking right at me through one of the station doors--",There *what* was?,,,
M0078,I don't see why I must justify myself to you. I don't care about the things you do. I don't care what's happening in New York or Los Angeles. I don't care about movies or TV. I don't care who's on Johnny Carson.,What do you care about?,I care about my daughter.,,,
M0079,"I mean really, deeply angry...",I don't think I could be.,"Well. I don't want to play ""Cora.""",,,
M0080,I was gonna split it with you guys.,We do not take tips.  I'll apply this to the cost of the dress.,,,,
M0081,"That cadaverous-looking yegg who sat in front of us, just up and took it. Boy, how that baby can run!",What am I going to do now?,Don't tell me your ticket was in it?,,,
M0082,"Maybe - just 'maybe' - when their ship doesn't return - they'll decide not to come here, after all.",But if they <u>do</u>?,I don't know.,,,
M0083,What?,How many minutes between the first and second whistle?,That's funny. It's interesting. I never gave it a thought before.,,,
M0084,"I I never knew a girl like you, Edie. I always knew the kind you just grab 'em And I never knew a girl like you, Edie.",It's fun dancing with your eyes closed. I'm floating. I'm floating... .,,,,
M0085,"Yeah.  Ah, I don't want to panic you or anything, but, I mean, the way Hobbes designed them, they're supposed to get out of hand real quick, so you don't have much time to think about what's happening to you. Once they decide to start pumping all those dynamite juices into the old blood stream... I dunno. But if you see some people doing kind of compulsive, maybe even bizarre sexual things...",Yeah? What do I do then?,"I dunno. Try tranquilizers. Once you can get at them, there's a lotta stuff you can use. I'll bring a bagful. It's just the standard tropical kit. But the trick is to get at them.",,,
M0086,Goodbye.,You didn't deserve me John Buckingham.,Whatever.,,,
M0087,Hi.  She's auditioning for a television commercial.  She said she's gonna be a little late.,"Oh, yeah?  How's she doing?",,,,
M0088,What is it?,It's a thought I had.,Should I open it now?,,,
M0089,My pigeons... .,"Terry, you better stay in for a while. I'll come and cook your meals. Be sure you keep the door locked.",Every one of 'em... .,,,
M0090,Oh!,"Well ... go 'head, do the next bit.",Go away! You've spoilt it.,,,
M0091,,"No, thanks. The fellows in the office may get the wrong idea how I found out.","So let 'em. Look, I'm going to cook dinner for us. We'll have the fruit cake for dessert. You just sit there and rest. You've done enough for one day.",,,
M0092,,You're too close.  Back off.,"Goddamnit, Hendricks, untie the rope there.",,,
M0093,"I know it must be hard. But you have relatives in London --you've got a whole world of living, ahead of you --",No one can take my father's place.,,,,
M0094,"--Is that what this is about, Sean? The Field's Medal? Do you want me to go home and get it for you? Then will you let the boy--",--I don't want your trophy and I don't give a shit about it! 'Cause I knew you when!! You and Jack and Tom Sanders. I knew you when you were homesick and pimply-faced and didn't know what side of the bed to piss on!,That's right! You were smarter than us then and you're smarter than us now! So don't blame me for how your life turned out. It's not my fault.,,,
M0095,"Preach! Go down and get me some White Tavern whisky, a glass, and some ice.","Preacher! Go on down and get me some bourbon. J. T. S. Brown. No ice, no glass.",Preach... get it at Johnny's.  You got a bet.,,,
M0096,He's what she should run a mile from.,Then why doesn't she?,Who knows the secrets of the human heart.,,,
M0097,And you?,Prouder still. You'll be the handsomest student there.,I'll have to do better than that.,,,
M0098,Where's Kansas?,That's where I live.  And I want to get back there so badly I'm going all the way to Emerald City to get the Wizard of Oz to help me.,You're going to see a Wizard?,,,
M0099,"Here it is.  A bird on one side. His cage on the other.  Now, stare at it.  The bird seems to be in his cage.","Yes, he does.  May I try?",,,,
M0100,What's with Mike?,He got a little jealous.,"I'm sorry, I didn't...",,,
M0101,With the paper to prove it.,"I'm going to have a home. Not just a house I'm afraid to stay in... and a man to go with it. I'll look up at six o'clock - and there he'll be... remember, Karen?",,,,
M0102,Dysfunctional --,"That they tunnel, magically, through any obstacle, defying the practical laws of physics, in order to end up together --",And glow happily ever after.,,,
M0103,Please do.,I think the time has come for you to shed some of your humility. It is just as false not to blow your horn at all as it is to blow it too loudly...,I don't think I've done anything to sound off about.,,,
M0104,"Don't call me that, please.",But what are you doing here?,I came to get you! What do you think?,,,
M0105,,"Yes, Father. Yes! So much for my vow of chastity. What did it matter? Good, patient, hard-working, chaste - what did it matter? Had goodness made me a good composer? I realized it absolutely then - that moment: goodness is nothing in the furnace of art. And I was nothing to God.",You cannot say that!,,,
M0106,"Oh! Italian, right?","Yeah, he's the Mafia. Linen Supply Business or Cement and Contract, you know what I mean?","Oh, yeah.",,,
M0107,"Would you, like, marry him?","If he were still alive, maybe.",How about someone who really really liked Shostakovich?,,,
M0108,"Hello, Rick.","Oh, you've already met Rick, Mademoiselle?",,,,
M0109,"Do you remember Henry Birdson?  The math professor who won the Salwen Medal, then went home and killed his family?",What's that got to do with you?,Last week the Catholic Church certified him as genuinely possessed.  You realize how rarely they make that ruling?,,,
M0110,"Here I am. I think I'm spinning... We're both falling, Talby, in opposite directions, away from each other. My -- my jetpack's gone.","What happened, Doolittle?","Bomb must have gone off inside the ship. Nothing we can do about it now. Hey, it looks like... the skipper. He made it. Commander Powell made it!",,,
M0111,"What is the first and principal thing he does, what need does he serve by killing?","Anger, social resentment, sexual frus-","No, he covets. That's his nature. And how do we begin to covet, Clarice? Do we seek out things to covet? Make an effort to answer.",,,
M0112,,"...well, if you're not going to slit my throat, why'd you come up here?",...to see you.,,,
M0113,Precisely.,What did Albania ever do to us?,"What did they ever do <u>for</u> us...?  You see, this is why we have to mobilize the B-2 Bomber.",,,
M0114,,"He's a waiter at the Clarence, poor devil. You know him.","Oh, yes.",,,
M0115,The Carlsons' are here.,They are?  Come on.,,,,
M0116,You know what she asked me?,I don't care what she asked you.,"She told me not to fight with you anymore. She said it wasn't your fault, but -- I figure different...",,,
M0117,"Down, Shep! Down!","He only wants you to throw the stick for him, Jabez. I guess he's feeling the spring a-coming, too.",All right -- only he needn't dirty my pants!,,,
M0118,,"Too old, dull fighter.  Bobby Judge is a good boy.",...I don't feel heat from the name.,,,
M0119,"Correct me if I'm wrong, but I don't think so...",I'll listen one more minute.,,,,
M0120,You look a little tired.,I'm okay. It's going well!,'Have a look?,,,
M0121,That's all.,"No, it isn't -- where's the money?",I don't know.  Those men killed Charles to get it. But he must not have had it with him on the train.,,,
M0122,,"Wow, I guess I hit a nerve.","You make it sound like, you know, I have no needs or something.  You think I'm too self-sufficient?",,,
M0123,,There is the bathroom.  I put in soap and a toothbrush.,"Thanks.  Say, she's quite a character, that Norma Desmond.",,,
M0124,What did you get?,What do you mean?,,,,
M0125,,I trust...  Want to see what I trust... In God we trust...  The word's on every bill!!!,"You keep it up and it won't matter how far we get away, because it's going to be all over between you and me. Do you understand that? There won't be anything left.",,,
M0126,"Oh, oh, no, I can't-I can't eat this. I'm nauseous.  If you could-if you could just give me something to get me through the next two hours, you know I-I have to go out to Burbank... and give out an award on a TV show.","Well... H-h huh... Oh, good... Yes, I'll tell him.",,,,
M0127,"Oh, I don't know.",A week? A year?,"More like a week. Look, I'll be back.",,,
M0128,,You bought this for me?,Don't get any ideas. Of course it comes out of your share.,,,
M0129,You must have been really sick.,How is the garden doing?,I need to get out there and get those weeds out.,,,
M0130,,You heard anything yet?,Any day.,,,
M0131,And suppose you couldn't hold out?,Suppose you didn't have to hold your breath?,,,,
M0132,Sure--  You know something?  I have a feeling we're going to stay here.,And listen--watch out about the pals you choose--Know what I mean? Don't let them choose you--,,,,
M0133,I don't think I got the job in New York.,What does that mean?,I'm still going to New York. Just not this second.,,,
M0134,It's what the D.A. used to tell me about Chinatown.,Was he right?,,,,
M0135,Huh?,"I mean, about the Power of Attorney.","Oh, yes. Yes, I will.",,,
M0136,Don't worry. Fortunately last night a very trustworthy friend kept his eyes open. Perhaps he overstepped his function as a waiter but he fulfilled his duty as a Russian.  I just put this on for sentiment. The rest are absolutely safe. I assure you. But if you feel like notifying the police...,You leave me no choice.,Won't it be rather embarrassing for a Soviet Envoy to disclose the circumstances under which she lost them?,,,
M0137,"There are the people of the United States, and they are blaming you - Oh, I know it doesn't make any sense, but at least you can learn a lesson from it.","What lesson?  Not to expose fraud when I see it?  Not to fight for the right of the people to own their own property?  Run it the way I said, Reilly - ""This afternoon a great man was assassinated -""",Charlie!  Now you're not making sense.,,,
M0138,No!,"'For he's only a bird in a gilded cage, a beautiful sight to see'  Tweet, tweet - ha, ha",,,,
M0139,"It would be a nice night to go for a walk, don't you think?","Oh yes, I think it'd be a swell night to go for a walk. A nice long one.",,,,
M0140,The one about the Siberian bloodhound?,Siberian bloodhound?  No. That's been all rewritten. It's laid in Araby now.,Araby?,,,
M0141,,Hide me? Why?,My little girl said she'd kill you if you came to see me. I can't let you die. We'll have to hide you.,,,
M0142,"Aw come on, Alex!","Shall I be forced to feed you, Mr. Kessler?",,,,
M0143,So you got pinched in the elevator. So what?  Would you rather be picking lead out of your navel?,"All right, all right!  But how long can we keep this up?",What's the beef?  We're sitting pretty. We get room and board - we get paid every week - there's the palm trees and the flying fish -,,,
M0144,Tick-tock...,"If you wanna help, then help. If not, shut up.",Your mess.,,,
M0145,"No, I do. That's what I'm saying to you.",Listen to me! You don't! The Jacket is my only chance in this place.,,,,
M0146,You know what we should do? Go to the...,So you can do an album cover?,,,,
M0147,Hello -- hello...,Gimme Western four-five-five-seven.,"Who?  Hello, Butch! Where are you?",,,
M0148,,Mrs. MacLean -- why don't you and daughter stay for dinner?,"Oh uh, thank you. No, we don't want to impose.",,,
M0149,I wanted them to fly down some orchids from our greenhouse but all of Long Island is fogged in.,It's the thought that counts.,,,,
M0150,What's she doing here?,"Chekov's on Reliant, isn't he?",,,,
M0151,,You?  Why?  Since when have you become the protector of little children?,"I'm not concerned about the child, Toddy.  It's you I'm thinking of, I'd like to see you prove that a lot of things I know haven't hurt Toddy MacFarlane any.",,,
M0152,But then you've been so much better...,"Norman, this isn't about you.  This is something that's happening to me.  It's not to get even...and it's not some warped bid for attention.  Some strange things are happening in our house, whether you believe in them or not...",Sweetheart--,,,
M0153,How 'you gonna live?,"I can always chop cotton if I have to.  If you want a ride, I'll take you home.","No, thanks. I'll take the bus.",,,
M0154,Are you sure you want to stay?,Are you sure you have to go?,,,,
M0155,I don't understand.,Afraid of any woman who'd give Mitch the only thing Lydia can give him -- love.,"Annie, that adds up to a jealous, possessive woman.",,,
M0156,"Why, has he bothered you before?",Is it news to you?,"Son, lots of people tell me I'm a gifted man, but I still can't see around corners.",,,
M0157,"By definition you're lying to Ann, too.","That's right. But I never took a vow in front of God and everybody to be ""faithful"" to my sister.","Look, are we going to do it or not?",,,
M0158,,Oh!  We ought to try and carry Dorothy.,"I don't think I could, but we could try.",,,
M0159,There was no plan! I was just young and stupid and scared!,You never gave us a chance...,I know that. I can't tell you how many times I've said that to myself in those exact words.,,,
M0160,"So long, you guys.","What will you do, Colonel?","I dunno.  Marry the first whore who's nice to me, I guess.  Get a job in a motorcycle shop.  So long, you guys.",,,
M0161,Andy's house.  Sid's house.  What's the difference.,"Oh, Buzz, you've had a big fall. You must not be thinking clearly.","No, Woody, for the first time I am thinking clearly.  You were right all along.  I'm not a Space Ranger.  I'm just a toy.  A stupid little insignificant toy.",,,
M0162,I love you Don with all my heart.,"No, it's not Don.",,,,
M0163,"Yeah, well the only woman of the Indian's we ran into was shacked up with her dyke girlfriend.  I guess she went with him before she came outta the Closet ... They both looked mad enough to kill him...","Yeah, too bad.  They were real nice lookin' too...In bed together, hardly any clothes one watching TV...",,,,
M0164,Yeah.  I know what it's like.,Then tell me what happened.,Can't give you the details because I can't remember.  I went to court to kill him.  At the Ezekiel Walters hearing.  I was supposed to shoot him at the press conference.  You were there. That's the first time I saw you.,,,
M0165,,"Can we, can we go?",No!,,,
M0166,,"From a chicken, bug-wit.",A chicken?,,,
M0167,The most beautiful woman in the world.,But you would not stay with me.,Could not. Could not betray the girl to whom I was betrothed.,,,
M0168,"So that's it. Lloyd. Still just the Theater, after all...","It's nothing of the kind! Lloyd loves me, I love him!",I know nothing about Lloyd and his loves - I leave those to Louisa May Alcott. But I do know you.,,,
M0169,And when things get in your way or people you just knock them aside get rid of Them is that your idea?,Listen get this straight don't look at me when you say them things. It wasn't my fault what happened to your brother. Fixing Joey wasn't my idea... .,"Why, Terry, who said it was?",,,
M0170,So she seems.,"So you've pointed out, so often. So many qualities, so often. Her loyalty, efficiency, devotion, warmth, affection - and so young. So young and so fair...",,,,
M0171,You wouldn't.,Of course I wouldn't.,,,,
M0172,"Say, you could do anything with me you wanted to. Putty - just putty, that's me.  Now getting back to those eyes of yours - would you mind if I kind of got closer so I could see them?",Not if you're going to lose any sleep about it.,,,,
M0173,"Just take it easy, this isn't my fault.","Maybe it is! How the fuck would you know?! You don't know a fucking thing! You can't get scared, can you get angry?!",,,,
M0174,,She doesn't seem to like you very much.,"Oh, I don't mind. As a matter of fact, I'm sort of flattered -- that anybody should think a girl like you -- would do a thing like this -- over a guy like me.",,,
M0175,"Well, I'm not.",That's very interesting.,,,,
M0176,I have the whole weekend off.,"Well that's fine, but I only have one bed, and --",,,,
M0177,,Guts! A crummy pigeon who's looking to get his neck wrung!  You should have  You should have known better than to trust this punched out brother of yours. He was all right hanging around for laughs. But this is business. I don't like goofoffs messing in our business.,"Now just a minute, I",,,
M0178,Not at all.,"Timmy this is Gerry, an old friend of mine. We went to college together.",,,,
M0179,What do you have to do to get ready?,"Load a new tape, turn the camera on.",Then do it.,,,
M0180,"No. I only led her into believing I believed she was... Mother, it's really very complicated.",But she did buy the lovebirds and then brought them all the way...,"Mother, where did you go to law school?",,,
M0181,,"Elaine, just hear me out. I know things haven't been right for a long time. But it will be different...like it was in the beginning. Remember?",I remember everything. All I have are memories.,,,
M0182,,Maybe he's been chain-ganging too long.,Long enough to see redhots come and redhots go.,,,
M0183,"Why are we way out here, when the shark's back there?",...'cause this is where he lives. You gotta think like they do.,,,,
M0184,And not show it to me. Ever again.,That's going to cost.,I'll pay.,,,
M0185,,"What is it, Alice?",I thought Amy was calling. I guess not.,,,
M0186,"And again and again! Two hours late for the audition, to begin with-",That's on time for Margo.,"Then a childish, heavy-handed routine about not knowing Eve was her understudy-",,,
M0187,This is the staircase of the palace.,"Oh, yes, yes.  They're below, waiting for the Princess ... I'm ready.",All right.  Camera!  Action!,,,
M0188,You know it's okay.,"Also, I think I'm in love with you.","What, you mean as friends?",,,
M0189,I'm not being grouchy.  I just want to finish my work.,Okay.  I understand.  I'll come back later on with a couple of sandwiches for you and... maybe you'll let me read something then.,"Wendy,  let me explain something to you. Whenever you come in here and interrupt me, you're breaking my concentration.",,,
M0190,,"Jean Luc, Whatever you were... Right now you're the man you've made yourself. He's someone else.","I wish I could believe that, Doctor.",,,
M0191,,You want me to be a doll forever?,Claudia - don't -,,,
M0192,What?,Ellie's a little scared of death. And the main reason Ellie's that way is because your wife is a lot scared of death. Now you just go ahead and tell me I'm wrong.,,,,
M0193,"Oh, you wouldn't want to hear me sing.","Yes, I would.  That's why I asked.","Well, I -",,,
M0194,,For the last ten miles I've been trying to figure out how to sleep sitting up. I'm getting to the point where I don't think there's any place named Sonora.,It's a long ways yet.  I figure we ought to camp. She's tired.,,,
M0195,Don't touch me!  Don't touch me!,What are you afraid of?  I'm not going to hurt you!  What's the matter with you?,"I'm hysterical.  I'm having hysterics.  I'm hysterical.  I can't stop.  When I get like this, I can't stop.  I'm hysterical.",,,
M0196,"No, don't go...",The four of you must have so much to say to each other - with Mr. Sampson leaving...,,,,
M0197,,"I don't know anything, I tell you. There's been an accident.","Johnson, there's something very peculiar going on.",,,
M0198,"That's right, 'cause it's an important issue.","Alvy, you're incapable of enjoying life, you know that? I mean, your life is New York City. You're just this person. You're like this island unto yourself.","I can't enjoy anything unless I... unless everybody is. I-you know, if one guy is starving someplace, that's... you know, I-I... it puts a crimp in my evening.  So wanna get married or what?",,,
M0199,,No? What do you look upon her as?,"Why, down at the office, we always look at Gallagher as - eh - just Gallagher, that's all.",,,
M0200,Right!--but it doesn't have to apply to you--Keep your eyes open for anybody wearing a lot of cracked ice and give me the office.,Now you're talkin'!,,,,
M0201,"Yeah, thanks. Thanks a lot. Well...","Well, thanks, thank you. You-you're a wonderful tennis player.",Oh.,,,
M0202,Stop being nuts!,I trusted you!  I thought you cared about me?!,I do care about you!,,,
M0203,Commander? Are you still there?,"Oh, yes, Doolittle, I'm thinking.","We're running out of time, sir.",,,
M0204,,Is it bad?,"We get out of this alive, maybe I'll take that miracle cure of yours.",,,
M0205,"I don't know, Lois, but I do know a fraud when I hear one. This thing goes against all natural laws.",You're just jealous.,Jealous? Of what?,,,
M0206,Uhhuh.,"Well, it won't work. Love and understanding won't make a good detective out of a recalcitrant poet.",Actually I want to ask two favors of you -- one as a poet 	one as a detective.,,,
M0207,What about the phosphorous grenade?,"One went off, yeah, but it didn't touch him -- I thought you knew this --",,,,
M0208,,Do you know him?,Yep.,,,
M0209,Could I have a cigarette?,Are you crazy?,Why are you so determined to keep me alive?,,,
M0210,That's the one.,They don't suspect <I>him</I>?,Don't they? He's down at The Tombs right now.,,,
M0211,I will stay here and keep on trying. I'm sure in a little while --,"-- We might as well be frank, Monsieur. It will take a miracle to get you out of Casablanca. And the Germans have outlawed miracles.",,,,
M0212,I'm only trying to...,"I know what you are, I am <u>so</u> sorry that you...when I read that script I said there's only one person to play that part.",The minute I read that script I said...,,,
M0213,"I'll see ya around, huh?",It's a small town.,,,,
M0214,There! THAT'S a true Berserk.,"I'm just building up to it, Dad.",,,,
M0215,,No one comes here after dark.,Hide the car.,,,
M0216,,Are you cold?,Yes.,,,
M0217,Considering that the paper is three months old and this isn't Sunday -- no thank you.,"I guess I'll wait until I'm home, Mrs. Rand.",,,,
M0218,Your mom and the boys can drop by anytime.,To check up on me?,I'll be around to check up on you.,,,
M0219,Alright. A month. In a month.,A month from today?,Yeah.,,,
M0220,Done what?,Tore off one of my chests.,You'd better go fix it.,,,
M0221,,What... what are these interviews about?,"The... interviews are about sex, Ann.",,,
M0222,,Good morning to <u>you</u>...whatsa matter?,I can't get it to come out right.,,,
M0223,The mystery's all gone. And I wanted you to find out who did it.,Maybe I will.,But Wynant --- ?,,,
M0224,"Sparazza is rumored to have performed in excess of one-hundred and thirty contract murders, including one of the bureau's most celebrated agents. Freeman Heller. You heard of ""The Turnpike Murders"" that was Sparazza.",I thought Heller was a double op?,,,,
M0225,"For heaven's sake, Bob, what's the matter with you? You went out there for the purpose of","George. George - do you mind? I'm sorry, but I can't talk about it tonight.",,,,
M0226,,I've arranged with those people we saw at Hau Fat to give us some 50 caliber in trade for a couple a drums of fuel --,No shit.,,,
M0227,"Nothing for a while. You forget, I'm a man of independent means. Or fairly independent.",Mmm. Why don't you go away for a while?,"To forget? Don't be so motherly, Midge. I'm not going to crack up.",,,
M0228,,Where are my supplies?,"I'm sorry, General. The cellar is empty.",,,
M0229,,"She knows. Clever, very clever.  And unappreciated. But I'm going to take you away from all this.",A night on the town instead of under it?,,,
M0230,"Good to see you, General.  This is Pastor Collins, director of Civil Defense.  Sheriff Bogany, head of the local forces ... Miss Van Buren.","Would you like some coffee, General?",,,,
M0231,How prominent?,He has his own submarine. I'll be getting everything that matters. I'll get New York and I'll get Connecticut.,,,,
M0232,"Mother, where did you go to law school?","Forgive me. I suppose I'm just naturally curious about a girl like that.  She's very rich, isn't she?",I suppose so. Her father owns a big newspaper in San Francisco.,,,
M0233,They could be.,"I'll stay out with you tonight, Doctor, just on the chance that you're right. And if you are right, damn you for letting him out.",,,,
M0234,,"Ahh --- Oh, it ticks!  Listen!",Yes...!,,,
M0235,I'd be gentle as a lizard --,I'd be clever as a gizzard --,,,,
M0236,I can't do that -- you heard MacFarlane.,Save yourself. Master Fettes look at MacFarlane and be warned.,He's a great doctor -- a great man --,,,
M0237,"Sort of, um...","Remember? ""And you take on the dreams of the ones who have slept there/And I'm lost in the window/I hide on the stairway/I hang in the curtain/I sleep in your hat...""  Oh, shit. I'm so stupid. Sorry.",What?,,,
M0238,"Oh yes, there is.","I don't think so.  Are you coming, Charles?",No.,,,
M0239,What do you remember?,"A room... there is a room, and I sit there alone... always alone...",Would you know the room?,,,
M0240,Hey--Joe! Where you going? We've got to celebrate tonight!,No--I--I'll take a walk--,,,,
M0241,"Oh, they'll publish it all right. But that's not going to stop me -","Charles, this - this story - doesn't concern only you.  I'll be in it, too, won't I?  And Junior?","I suppose so, but - I'm not afraid of the story.  You can't tell me that the voters of this state -",,,
M0242,"...Gruber's not bad.GALVIN Not bad...?  This guy's Dr. Kildare, the jury's going to love him, Mick...  And you calm down, all right?  Their guy, Towler's, the author of the book,  'Methodology and Practice, Anesthesiology.'  ...and they got depositions from the nurses, everybody in the operating room, the scrub-nurse...'All these guys are God.  I saw them walk on water...'",They had an obstetrical nurse in there.  We got a deposition from the obstetrical nurse?,No.,,,
M0243,You say 'fuck' a lot.,You fuck for money.,There's blood on your shirt.  Is that an integral part of your job?,,,
M0244,I'm in love with Lloyd!,Lloyd Richards is commercially the most successful playwright in America-,You have no right to say such things!,,,
M0245,"I thought that, too -- but I found that it does. Come along, dance with Kringelein.",Anything for you.,,,,
M0246,I can't even put a Band-Aid on my finger.,Here's the Surgeon.,,,,
M0247,,Does it work?,"No, but it's wonderful for threatening with.",,,
M0248,,"No. That night--I--well, *you* know-- I was pretty--. No--Diz is a--a sort of brother, that's all--",That's funny. I thought all along--  Gee--I--I'm glad to see you. I *thought* of you--I mean--I wanted to talk to someone and--well--  --Mr. Lincoln hasn't much to say--  Saunders--I'm not fit to sit up in the Senate--haven't you heard?--I robbed boys of their pennies and dimes!,,,
M0249,,You're talking very fast.,"Well, I'll tell you what - excuse me for breathing, will ya?  How do you like it?  He comes to my office and -",,,
M0250,"What kind of a girl are you, anyway?",Just what you see. A tiny cog in the great wheel of evolution.,"You're the most adorable cog I ever saw in my life. Ninotchka, Cogitska, let me confess something. Never did I dream I could feel like this toward a sergeant.",,,
M0251,I'm a what?,All them people shoutin' your name like they were doing tonight! Shit! That arm you got'll get'chu on a box of cereal...,,,,
M0252,"Shall we start the, uh...","Yeah, when do I get my hypnosis? You guys been talkin' for twenty minutes.",,,,
M0253,,Dad lives here?,"Not in this wing, actually. No.",,,
M0254,I don't want you to leave tomorrow.,I don't understand.,I don't want you to go anywhere until you have a definite plan.,,,
M0255,Autograph fiends! They're not people - those little beast who run in packs like coyotes-,"They're your fans, your audience-","They're nobody's fans! They're juvenile delinquents, mental detectives, they're nobody's audience, they never see a play or a movie, even - they're never indoors long enough!",,,
M0256,"I don't care what they say, you're a winner.","Yo, can I have my locker back?",,,,
M0257,"No, no, I wanted to get away.","So I noticed. Never seen a ""captain"" quite so ready to leave her ship.",,,,
M0258,"That's not him... Jesus, stop freaking me out.","In answer to your question, I suppose I endorse policies that are opposed to stupidity and violence and cruelty in any form...",I figured something like that...,,,
M0259,,"Over -- over so soon -- it has just begun.  Oh, the pain.","Try and sleep, Kringelein, don't be afraid.",,,
M0260,,He stopped by to see me at the shop before he came out here.,What did he want?,,,
M0261,Are you kidding?,It's nothing to be ashamed of --,Wait a minute!,,,
M0262,"You should be more careful, Anna.","And you too, Ninotchka.",About what?,,,
M0263,It's just that I'm very worried about Madame.,"Sure you are.  And we're not help- ing her any, feeding her lies and more lies.  Getting herself ready for a pioture ...  What happens when she finds out?",She never will.  That is my job. It has been for a long time.  You must understand I discovered her when she was eighteen.  I made her a star.  I cannot let her be destroyed.,,,
M0264,"I'm a Catholic, you know, and even to think about suicide is a terrible sin.","Yes, I know.","So then Mr. Gazzara -- he was a frienda my father -- he offered me this job in his butcher shop, and everybody pleaded with me to take it. So that's what happened. I didn't wanna be a butcher.",,,
M0265,Not exactly.,"I'm sorry, I usually would call Rajeev, but I didn't know what to do so I called Mr. Bianchinni.",He said you lost something.,,,
M0266,,Does it hurt?,I sense injuries.  The data could be called pain.,,,
M0267,They don't know?,No -- they don't.,Well -- when did you decide all this?,,,
M0268,"If these people lose their jobs, nowhere to go. My father worked at Bluestar for twenty-four years. I gave 'em my word.","It's all about bucks, kid, the rest is conversation...  Bud, you're still going to be president. And when the time comes, you'll parachute out a rich man. With the money you're going to make, your father won't have to work another day in his life.","Tell me, Gordon--when does it all end? How many yachts can you waterski behind? How much is enough?",,,
M0269,"Peter, you've got to promise me something. Promise you'll never lie the way Charles did. Why do people have to tell lies?",Usually it's because they want something -- and they're afraid the truth won't get it for them.,Do you tell lies?,,,
M0270,Why did you say that?,"Well this is your business, Benjamin.  If you --",No wait. Wait.,,,
M0271,This is my wedding.,Wouldn't it be a little embarrassing ...  all of us there ...  your other and me and your stepfather?,"He can stay home.  Please, Dad, won't you?",,,
M0272,,"What business is it of yours where I'm from, friendo?",I didn't mean nothin' by it.,,,
M0273,Three.,"Well, they'd be very stylish in Finland -- just before you froze to death. Begin to get the idea?",,,,
M0274,I see. Junkyards. What is the fascination there?,I don't know.,Is it the machines? The noise? The people?,,,
M0275,"Zinnowitz, would you say she was pretty?",Pretty as a picture.,Let's go down and find her -- I need a drink -- Come along Zinnowitz.  I don't know anything about women -- been married for twenty-six years.,,,
M0276,,"Here it is, Bruce. One -- two -- three -- four hundred -- and fifty dollars.",Thank you.,,,
M0277,,Igor -- are you sure the monster has a good brain?  Are you absolutely certain that you took the brain of Hans Delbruck that night?,Absolutely!  May my mother grow two heads if I'm not telling the truth.,,,
M0278,Can I help you?,You might hold this for me.,Love to.,,,
M0279,,It takes all types.,So who's he?,,,
M0280,"I'm not going to hurt you, absolutely, I'm not.",Will you let me go then?,,,,
M0281,I don't have a problem with it.,I like your hair.  And that suit.,"I had one just like it -- well, it was the same idea, but I had to get rid of it.",,,
M0282,This is all figured at three cents a copy.,"Re-figure it, Mr. Bernstein, at two cents.","All right, but I'll keep these figures, too, just in case.",,,
M0283,I feel so naked.  Like everybody's looking at me.,With those legs?  Are you crazy?,,,,
M0284,"Hildy, darling!","Yes -- 'Hildy, darling'. I'm just a fool. That's what I am. I know what it's going to be like.",It'll be Heaven!,,,
M0285,"What is it, honey?",It's that darn ghost again!  I don't know what to do anymore.  He just won't leave us alone.  I guess we'll just have to move.,Don't worry.  We're not moving.  He is.,,,
M0286,"Susie likes to keep her girlish secrets.  But in her heart of hearts I imagine, Dallas, that she fancies you in an uncommon way. Now, what about YOU, son?  Not just tom-catting around...I hope?","J.J., Steve isn't...",,,,
M0287,,Are you going home?,No.,,,
M0288,,Give it back to him. We're leavin'.,Maybe you are. I'm not.,,,
M0289,I'll look for 'em.  How you doing?,"I'm sorry to call, but I need that stuff...","Fine, I'm sure it's in the file at home.  I'll call you when I find it, and then we'll talk.",,,
M0290,You're not...,"No. I'll see some blood before this is over, but it won't be mine.",,,,
M0291,"It's this double-standard, the separate quarters, the deferential treatment.  It's how you pulled out my chair and nearly served high tea the first time we met.","Because I was civil, now you're complaining.","I can't afford civility, sir.  How am I supposed to fit in with these guys when you've got me set up as an outsider?  Even if I make it under these rules, I still lose, because there'll always be a flag in my file -- ""Yeah, she made it, but...""  I mean, really -- why didn't you just issue me a goddamn petticoat to wear around the base?",,,
M0292,,You tricked me.  I wouldn't have - I've never - never.,"I know, but it wasn't all bad was it? I think you found it quite pleasurable.  Oh so soft.  So sensual.",,,
M0293,The two kids?,Yep. Mitch and the little girl.,I see. How do I get down there?,,,
M0294,"When you jumped in the bay, you didn't know where you were. You guessed but you didn't know.","I didn't jump, I fell! You told me I fell!",Why did you jump?,,,
M0295,What?,Is that what you're trying to tell me?,I'm going home now. I apologize for what I said. I hope you can forget it. But I'm going home right now.,,,
M0296,Have you tackled the Great Reorganization yet?,Don't you think there are more important things to talk about than my record collection?,,,,
M0297,"It's hard to believe anything at all happened yesterday, isn't it? It's so beautiful and still now.  I think I've got it all figured out, by the way.",Really? Tell me about it.,It's an uprising.,,,
M0298,Guest?,We have opened a restaurant...,,,,
M0299,"Ah, to get out of Casablanca and go to America! You're a lucky man.","Oh, by the way, my agreement with Sam's always been that he gets twenty- five percent of the profits. That still goes.",Hmmm. I happen to know that he gets ten percent. But he's worth twenty- five.,,,
M0300,What's that?,They're put into the ground so they can be visited by the living...,,,,
M0301,"Well, I believe you when you say you go to school.",You want to go with me?,"What, are you kidding? See that book?  I've been trying to get through that book ever since I first got here. I haven't finished the first chapter.  Did you read all them books?",,,
M0302,Yes.,Will you bring up my purse before you go?,I have to go now. I'm sorry.,,,
M0303,"No, I have my things in the car.",Then stay and have something to eat before you start back. I'd feel a lot better.,,,,
M0304,Perry?,Perry Como!  You had him!  Go back! Go back!,"Okay, okay!  Take it easy!",,,
M0305,"C'mon, Mommy, don't start with that I'm an ungrateful son stuff.",I said no such thing.  All I said is that something must be wrong.,,,,
M0306,- even though Leonard's always asking you to go out with him and I - just -,What are you trying to say?,,,,
M0307,Are you here to help me?,What do you need?,,,,
M0308,,Lucky for us these chairs happened to be here.,Oh I knew about the chairs already. This is where the emphysema patients come to sneak cigarettes.,,,
M0309,"You and I, Niki, have very different ideas about sex.",Why? Are you a sex fiend?,No.,,,
M0310,Where you goin'?,I don't know.  Depends what train I get on.,,,,
M0311,...No... never in so many words...,"It's obvious you want to talk to someone--well, I'm someone.",,,,
M0312,"I don't think so, he should be along soon...",I wish he were here...,,,,
M0313,Why?,I can't... Forget the baby. Okay? The closest I was able to get you was Lathrop Wells. You'll have to hitchhike the rest of the way.,,,,
M0314,,The Carlsons' are here.,They are?  Come on.,,,
M0315,"Tell me, Claudia, what do you think of Raimondo?",I would say he's pretty depraved.,Oh no; quite the contrary. He's really just a child.,,,
M0316,"It's Fate, Hildy. What will be, will be.",What am I going to say to Bruce? What'll I tell him?,"If he really loves you, you won't have to tell him anything.  Snap out of it! Would you rather have had the old dame dragging the whole police force in here?",,,
M0317,"Oh, golly. And I forgot to tell you-","Yes, dear. You forgot all about it.","Well, I was sure you'd want to, of course, being his birthday, and you've been so busy these past few days, and last night I meant to tell you before you went out with the Richards - and I guess I was asleep when you got home...",,,
M0318,I can't believe it! But what about Doug?,There's a world of guys out there. I just wish I didn't have to date any of them.,Hey -- Doug Stallworth? It's his loss.,,,
M0319,The last ten years have been tough on a lot of people.,They haven't been tough on me.  I just lost my money.  But when I compare these last ten years with the twenty I spent with him -,"I feel kind of sorry for him, all the same -",,,
M0320,,"Miss Wilson will give you the guest list and any other details you may need, Miss Gallagher.","Thank you. I'll go and look for her at once. Goodbye, Mrs. Smith.",,,
M0321,"I could hide you, Tommy.","I know you would, Ma. But I ain't gonna let you. You hide somebody that's kilt a man an'... an' you'd be in trouble too.","Awright, Tommy. What you figger you gonna do?",,,
M0322,"Well, it is to me.  Will you give her a message?  I'd like her to have a little supper with me on my yacht after the show tonight.",Got it.  Supper - yacht - after the show - I'll tell her.  Your yacht?,,,,
M0323,"Physician, heal thyself.",That's all you have to say?,I'm not a drama critic.,,,
M0324,"Honey, she's perfect. She works all the time and she's wonderful with the children. And they love her, even Brother likes her though he won't admit it. I think she's just perfect.",Um-hmm. Almost too perfect.,"And she's such a good-hearted thing, there isn't an ounce of harm or malice in her.",,,
M0325,,Let the enemy have no power over her.,And the son of iniquity be powerless to harm her.,,,
M0326,"We're going up the tower, Madeleine.",No! Let me go!,We're going up the tower.,,,
M0327,,"Seven o'clock, same as usual.","I'll pick you up, Miss Daniels. Where are you staying?",,,
M0328,"Well, it was just fabulous!  I'm, I, you know...","Oh, gosh, you really think I can write?","I thought it was wonder-- There's maybe one or two things in there that I would do differently myself, but...",,,
M0329,You don't have two million.  Three million - -,I'll borrow it from you.  Four million - -,,,,
M0330,,Would they go over my girdle or under?,Instead of a girdle. And light as a feather.,,,
M0331,,"The Rockies...!  You'd rather get back to that big family of yours in Minnesota, wouldn't you?",I wonder if they're going through this too...?,,,
M0332,I checked. There was no divorce.,Are you telling me my husband is a bigamist???,I'm telling you he's not your husband at all.,,,
M0333,"Course we care.  What good's the world locked in a season of death. Frozen up, no folks to scare out of their wits on a summer's night; no babies to tickle; no more spells to cast... Think that's an enjoyable prospect?",There must be an answer somewhere.,"True... But it won't come easy or free.  If ye want to ask, ask Jenny Greenteeth.",,,
M0334,I don't want it reported!,"Why, that's ridiculous! They're responsible for everything that","See here, can you understand English! I don't want it reported!  Please stay out of my affairs!  I want to be left alone.  A CLOSE-UP of PETER shows him glaring after her.",,,
M0335,,"Jimmy, you're very young--and a foolish decision now could wreck your whole life.",Dad--answer her--aren't you going to stand up for me?,,,
M0336,"I have a friend coming in from out of town, I'll probably be spending some time with him the next couple of days.","Meaning we'll have to cool it for awhile, right?",Right.,,,
M0337,"There ain't no possums in this woods tonight, Daddy.","Looks that way, son. Guess the cold done drove most of 'em down to the big water country -- but if there's one left out here -- we gotta find him.","It's cold, Daddy!",,,
M0338,Peter?  Peter was a mistake.  An imposter.,"The last dead end in a long series of dead ends that I am relieved to finally be leaving behind.  May as well start packing, our cab's gonna be here in an hour.",Who said I was going?,,,
M0339,Does that mean you love me?,You bet your boots it does.,,,,
M0340,,Would you like to come in? I could make some coffee.,"No, I mean -- I wouldn't want to wake anyone up.",,,
M0341,,"You know, that's real sweet music in there. You can almost smell the action and the money. You know, I can feel it right down in the bottom of my shoes.","Come on, let's go...",,,
M0342,,"Here, it will be cold on that train.",I shall be all right.,,,
M0343,,That's a lie!!,I never saw him before!,,,
M0344,,"You don't half slam the door in people's faces, do you? I mean, what about when you're playing the part, like, hundreds of people'll see you and ...",I'm not ...,,,
M0345,,No -- don't cry --,GET OUT!,,,
M0346,My very words.,"Well, that's what you get for falling in love with a guy who's first name is Ramblin'.",,,,
M0347,Hello.,Do I know you?,I don't think so.,,,
M0348,Where did you get this gun?,I bought it in a pawn shop.,Don't lie to me.,,,
M0349,,"I'm so comfortable with that, Walt, I can't <u>tell</u> you...","Well, Joe said it, and he's right.",,,
M0350,No.,He has a little dog.,"Oh, yes, yes.",,,
M0351,How can you think about food at a time like this?,What else is there for me?,Is it that hopeless?,,,
M0352,Hey.,She got anything good?,"Oh, yeah. Steph's way into Pinots and Syrahs.  Hey, Steph? You sure we can open anything? Anything we want?",,,
M0353,Um-<u>hum</u> ...,But why talk about robbery on a night like this?,,,,
M0354,You don't even want to touch me.,"Yes. Yes, I do.",,,,
M0355,I can't fly. I haven't got any wings.,"You haven't got your wings. Yeah, that's right.",,,,
M0356,I guess when I nearly died giving birth to you--that shows how much I don't care!,"Just relax, please relax!",,,,
M0357,It's pretty embarrassing. I really don't know what to tell Mr. Robinson. It's awkward and strained for me every time he suggests that you call up Elaine.,"Next time he suggests it, I'll tell him I have no intention of ever calling her up in my life.",,,,
M0358,,"That's what is know as ""manless melancholia.""",Miss Lonely Hearts. At least that's something you'll never have to worry about.,,,
M0359,And the beauty of it is she'll never have to know 'till I've passed on. Maybe she'll think kindly of me --- after I'm gone.,"Gee, you almost make me feel like a heel -- coming between you.","No, Bruce, you didn't come between us. It was all over for her before you came on the scene. For me -- it'll never be over.",,,
M0360,,Tell me again -- what's my name?,Dr. Dreyfuss.,,,
M0361,,What are you doing?,Oh. Nothing... Sitting.,,,
M0362,,"Tell me, why this sudden desire to publish  to awaken like Byron and find yourself famous.",I think it's time.,,,
M0363,"That's why you come back, huh?","It's hard to see any change. But I'm going to stay. Another year, anyway.","You got more guts than me, baby. It's a no-good town.",,,
M0364,"I wouldn't have come if I had known that you were here. Believe me, Rick, it's true. I didn't know.","It's funny about your voice, how it hasn't changed. I can still hear it. ""Richard dear, I'll go with you any place. We'll get on a train together and never stop.""","Please don't. Don't, Rick. I can understand how you feel.",,,
M0365,,"I have here a discovery that will startle the world. It's the vertebrae from the lumbar of a Megatherium,[4] found in Asia.","Well, what do you know about that!",,,
M0366,You need to control yourself and <u>think</u> before you --,"Act.  Here we go again.  Reed, what if we got these gifts for a <u>reason</u>?  What if we have some, you know...like, calling?",A higher calling like getting girls and making money?,,,
M0367,"Mustn't look, little miss. Mustn't look.",But I saw what it was. It's the little deer.,,,,
M0368,"I've heard the arguments.  Like Napoleon's quote, ""There's one thing you can't do with a bayonet, and that's - sit on it.""","That's right, sir.  And don't forget in a few years a lot of other countries will have the bomb.  What if they start something?","Go on, Major.  You fascinate me.",,,
M0369,Are you manifesting them?,"If I was, then I would've had to have gone in the sphere, wouldn't I?",Did you?,,,
M0370,"I don't know, Fred. There's that reprieve if they ever find out.","Nobody reprieved that policeman he murdered. Now, do as I tell you.","Hello, Olsen... Listen...  Shoot to kill... That's the orders pass the word along... No! We dont want him! And listen, Olsen, five- hundred bucks for the guy that does the job... Yes, I'll be right out there.  Well, I hope that's the right thing to do.",,,
M0371,,"Have you visited the little boy on my floor?  Jacob, the one who looks kind of sad?",There aren't any little boys on your floor.,,,
M0372,Naturally there will be a few incidental expenses. That is the proposition I have for whoever has those letters.,I'll tell him when he comes in.,"Rick, I'll put my cards on the table. I think you know where those letters are.",,,
M0373,"She's definitely part of this.  It's weird, for a while Ivy was all I could think about.  But then...",I know.  The feeling just vanished.,I can't believe we were fighting over a  bad guy.,,,
M0374,Sure.,Cut it out.,,,,
M0375,I don't know... I don't know...,"That was the beginning, the night of the conception. That's why she burnt the sheets.",,,,
M0376,I think maybe you'd better deliver him. Let me give you my address.,"Oh. Oh, well, all right.",,,,
M0377,,You might give me a little credit.,What for?,,,
M0378,"They covered 'em over.  And not too carefully either, cause you dig one inch under the surface, and the dirt is green as a fucking shamrock.",And that's what caused the contamination?,"It didn't help, but no.  The real problem's on the bottom.",,,
M0379,What?,Would you check in on Elijah? He seems to be a little under the weather this morning.,Which one is Elijah again?,,,
M0380,I got my wish anyway.,"You mustn't tell anybody, or it won't come true.",But it's already come true.,,,
M0381,,"The greatest yarn ever written by anybody. My hat's off to you, Hildy!",Thanks.,,,
M0382,,Tell me about Doctor Paley?,I hardly know him.  He wanted me and he couldn't have me.,,,
M0383,"I heard about your little misadventure yesterday, Miss Connell.  On your first ""day off,"" too.","Well, I had a good time up to a point.",Wesley can be very entertaining.,,,
M0384,"I've been watching you. You couldn't see me, but I could see you. It was like peeking through a slit in the curtain before the play began. You would be a very good audience. I can see that.","If you were the lady who gave me a ring, my mother says I have to give it back to you.",Return it to me? Indeed you may not. I gave it to you as a present.,,,
M0385,"Ed, I swear, I'm not --","Okay, fine.  <u>Fine</u>  You backed me into a corner again.  You're holding me hostage ...",,,,
M0386,,"I'm sure it's warmer in her than outside, though.  I haven't been out yet, but it usually is...the control is fouled...",Where is LUH?,,,
M0387,"Of course, not, Charlie. I never thought you did.",And my leopard - - maybe he hurt the first girl -- but no more.,,,,
M0388,Okay.,So make your domestic decisions and maybe we'll talk again.,,,,
M0389,You want to ask me a question?,"See, this is why I lose at poker. Yes, I do have a question.",,,,
M0390,I have. Sit down over there.,Put that gun down.,,,,
M0391,,"But, madame, you keep a hundred thousand francs--in your safe--at <u>home</u>?",You think that's too much?,,,
M0392,They sedated me.  We're stuck here till it wears off.,Let's try this way.,,,,
M0393,I know... my heart is sad... but my feet are happy. When all the tanks and guns were roaring over the Red Square I sat here all by myself and played a Beethoven sonata. Not bad at all.  Are you expecting someone?,A few friends... just a little dinner party.,What are you serving?,,,
M0394,What for?,Patients are rationed to one pack of cigarettes a day.,,,,
M0395,"Oh -- careful, Mr. Preysing.",Call me -- do you know -- would you -- would you like to call me by my first name?,"Oh, no.",,,
M0396,I don't know.,"C'est absurde, Madame. To-tale-ment absurde!",I know.  I'm sorry.,,,
M0397,,Do you think I should go?,That's up to you.,,,
M0398,White perch.,Are they feeding?,Doesn't <u>look</u> like it.,,,
M0399,"Helena, please.  This is out of your hands.","I know I made things worse.  I know that and I'm sorry, but Arnie I need something from you.  Something only you can help me with.",,,,
M0400,Yes -- I'd love to.,Then dance the next number with Kringelein.,Why?,,,
M0401,No problem. Why don't we discuss it sometime over the holidays -- I could call you and pick you up and we'll have the big unveiling --  -- you sure this is the right way to wear it?,I think so.,You don't think it's tilted a little too much --,,,
M0402,"It wasn't the way I wanted it!  I can handle things.  I'm not dumb Christ, not like everyone says. I'm smart; and I want respect.",There's nothing more you can tell me about this investigation?,"The lawyer; Questadt, he belongs to Roth.",,,
M0403,Chef -- is that 'cause you like mangoes an' stuff?,"No, sir -- I'm a real chef, sir -- I'm a sauciere --",A sauciere --,,,
M0404,Did Lester know about him?,There was nothing to know. Anyway... if I can't have love I have to at least have money. I have to have some pride I can do something.,,,,
M0405,Tell me some more about this Krueger guy.,Why don't I go make some coffee.  There's a lot to tell.,,,,
M0406,Are those cameras all throughout the house?,"Yes, I thought that it would be best.",Even in the bathroom?,,,
M0407,I don't want to bore you.,"Oh, you couldn't possibly.","Well, it was my freshman year at Princeton - there was this girl - her name was Nellie - her father was vice-president of Hupmobile - she wore glasses, too.  That summer we spent our vacation at the Grand Canyon - we were standing on the highest ledge, watching the sunset - suddenly we had an impulse to kiss - I took off my glasses - I took a step toward her - she took a step toward me -",,,
M0408,,He's cutting our throat...,But what can we do?... We have to accept.,,,
M0409,Yeah?,"I wanted to ask you something, on account you've been around so long.",Shoot. They don't call me the Wizard for nothing.,,,
M0410,"I did, didn' I, El?",You got another ball comin'.,,,,
M0411,"It was perfect, George.  Amazing.  It was so real.","Didn't you once dream you could lick people well, though?",That wasn't a dream.  That was Sam.,,,
M0412,,"So, who is he? We have to know him.",Everyone sees someone different. That's what we show.,,,
M0413,I just fnished work. I counted the bags.,"We got a little extra detail for you. The local priest and this Doyle girl are getting up a meeting in the church. We'd like a rundown on it. You know, names and numbers of all the players. You're nominated.","Why me, Charley? I'd feel funny going in there.",,,
M0414,Can you even imagine?  Who the hell would go to this a bastion of commercial excess?,"Well, I guess we're not, since we don't have dates .","Listen to you!  You sound like Betty, all pissed off because Archie is taking Veronica.",,,
M0415,Like?,I'm not sure.  Is there a secret?,,,,
M0416,Your memory is really getting bad.,I just forgot.,,,,
M0417,"It's best not to get too close. Juliet's still not a hundred percent. Hello, Juliet! We've bought you some fruit.",Thank you so much!,,,,
M0418,"What happened, Doolittle?","Bomb must have gone off inside the ship. Nothing we can do about it now. Hey, it looks like... the skipper. He made it. Commander Powell made it!",,,,
M0419,"I got no idea of love. And neither have you. I mean, neither one of us would know what it was if we saw it coming down the street.","I'd know it, Eddie. I'd know. For God's sakes, what are you trying to do to me? I love you.","Well, what's your idea of love? Chains?",,,
M0420,"You're a comfort to me, Henry.",What now? Writing about it in your journal won't help.,It's a letter to my father.,,,
M0421,Meaning what?,"Oh, I don't know. Up-tight. Frigid.",,,,
M0422,Why not?,Because I don't want you to.,,,,
M0423,I...,You want me to tell you it's your fault?  It probably is.  What are you going to do about it?   I thought it's not over till the jury comes in.,Who told you that?,,,
M0424,I said that's the point!,"Look, King, maybe you've lost too much blood, or something.","Lieutentant Zogg, how would you like your black butt slung into a General Court Martial when we get back???",,,
M0425,,Did you offer the young lady some fruit?,"I offered her, Ma, she don't want nothing.",,,
M0426,Just a road thief. Picks people up and runs off with their stuff. What a racket!,What'd you give him for the car?,A black eye.,,,
M0427,Uh-huh.,"You see, from this vertebrae I shall be able to reconstruct the entire skeleton.","Wait a minute, you expect to be knighted for finding that soupbone?",,,
M0428,No conditions.,What makes you think I won't turn us around?,"Because you, too, must know.",,,
M0429,"On her knees, I have no doubt! Very touching, very Academy-of-Dramatic Arts!",That bitter cynicism of yours is something you've acquired since you left Radcliffe!,"The cynicism you refer to, I acquired the day I discovered I was different from little boys!",,,
M0430,"Darling, I don't care - really I don't.  Sidney'd had a secret crush on me for years, but nothing we do is his business -","But he could be reporting back to your brother, couldn't he?","Steve, dear, please forget all of this.  What can it matter after tomorrow?",,,
M0431,,"No, I can't tell you!",What?!,,,
M0432,"You knew when you came in that the audition was over, that Eve was your understudy! Playing that childish game of cat and mouse...","Not mouse, never mouse! If anything - rat!",You have a genius for making barroom brawl out of a perfectly innocent misunderstanding at most!,,,
M0433,"Water pump's busted. I don't know if it's worth fixin', but I need that car.",You can have what I've got. It's right there.,,,,
M0434,,Those aren't my friends.  Make them go away.,Ray!  Will you tell these guys to move back?,,,
M0435,Had the boys follow us.,"Marvelous!  ""At two o'clock this morning, Mr. Deeds tied up traffic while he fed a bagful of doughnuts to a horse. When asked why he was doing it, he replied: 'I just wanted to see how many doughnuts this horse would eat before he'd ask for a cup of coffee.'""  Beautiful! What happened after that?",I don't know. I had to duck to get the story out. He was so far along he never even missed me.,,,
M0436,Sure a lot of guys lookin' for Lednov.,Yeah -- and Lednov's only lookin' for one man. Me.,Why?,,,
M0437,Don't you ever have any problems?,I have one now.,So do I.,,,
M0438,,You gotta be kidding me.,"'Tis the season, convict.",,,
M0439,,"Stop it, Alvy!","Well, he's spitting on my neck! You know, he's spitting on my neck when he talks.",,,
M0440,,Who's Herne the Huntsman?,Don't you read Shakespeare?,,,
M0441,"Well, did you get a job out of it at least?",I'd like you to leave now.,,,,
M0442,"Hang on, get it up, go on, higher.",Your 33rd birthday.  The transformation will be a perversion of Christ's rising from the dead.  Townsend discovered it in one of Lareaux's books.,,,,
M0443,,"Okay, I'm going ahead. Wait a minute, what's her name?","Oh brother. Dorothy Vallens, Seventh Floor. Look on the mailbox for her number, bright boy.",,,
M0444,,"Okay, Phyllis, what's up?",Kramer...,,,
M0445,"Lesion, Lesion in the temperal lobe. It's a kind of seizure disorder.","Look doc, I really don't understand how her whole personality could change.","The temperal lobe is very common. Could last for days, even weeks. It isn't rare to find destructive or even criminal behaviour.",,,
M0446,Do you think anybody in the Fifties ever made love on a bed?,What the hell is that?,,,,
M0447,,"We're all in it.  There won't be a shred of pride or decency left for any of use.  Say something, Paul!  You've always been good with words.  Put some together, now, and tell us that you're not responsible -- that every damnable bit of it doesn't rest squarely on your shoulders!","You're wrong, Wesley.  The guilt is mine -- all of it.",,,
M0448,Go on... go on...,She tossed her ring in the pond and bid me fetch it.  Said she'd marry me if I did.,And did you?,,,
M0449,What you say is wonderful! But sad...,They're not my words. John Wayne said it in Shepherd of the Hills.,,,,
M0450,Love ya.,Hey Chief. Bring my cup back.,,,,
M0451,,"Yes, thank you, Doctor.","I beg your pardon, epi-zoo-tics? Do you mean ""epi-zoo-ot-tics,"" an animal epidemic?",,,
M0452,,I got my things over at the hotel. I'll bring them over later...  Come here.,I'm not sure... I don't know.,,,
M0453,"Well, I'm hardly Mrs. Leslie Carter whoever she was. In fact, I'm not even much of a success around here particularly after the backfire on Jerry's little publicity stunt with the leopard.",That was unfortunate.,That was a calamity!,,,
M0454,"Oh, by the way -- I'm out of cash --",Didn't you take your cut out of the closing check?,I got into a little crap game.,,,
M0455,,You're having a good time....,I am.,,,
M0456,In the room?,In the world.,,,,
M0457,So you're not even gonna bother to find out if the rabbit's gettin' framed?,He's a Toon... who cares?,,,,
M0458,"Baxter, you're not reading me. I told you I have plans.",So do I -- I'm going to take four aspirins and get into bed -- so you better give the tickets to somebody else --,"I'm not just giving those tickets, Baxter -- I want to swap them.",,,
M0459,"Well that's lovely talk, that is. And another thing, why aren't you at school?",I'm a deserter.,Are you now?,,,
M0460,,I wish that doctor'd come.  How do you feel?,He'll be here.  Give him time to get his trousers on.  Where's Asta?  Asta!  Asta!,,,
M0461,I'll give it back to you ....  all I've got ....twenty-five thousand...,You're going to return every cent of it!,I can't! I haven't got it!,,,
M0462,"I don't know what I was thinking, but I can't do it.",What are you talking about?,Kill someone.  I can't do it.,,,
M0463,It's a novel.,Still.  Well.  Let's drop it.,Yes.,,,
M0464,,Then I'll see you later.,Okay. In a few minutes.,,,
M0465,Next time I get a vacation I'll spend it at headquarters. Good-night.,He's a swell person. He told me he'd rather turn one guy straight than jug a million.,,,,
M0466,,What is it? Has he found him?,"Do you know where he's living?  Oh....  Well, at least I'm glad he's all right.  Thank you for calling. Goodbye.",,,
M0467,"The man's the same, even if the name isn't.","No -- he's not the same. Alexander Dyle was interested in clearing up his brother's death. Adam Canfield is a crook. And with all the advantages you've got -- brains, charm, education, a handsome face --",,,,
M0468,,"Come on, Doolittle, give it a name.",Fred.,,,
M0469,Good. It's better if it were absurd. That would mean nothing much can be done about it.,"But just think -- the very same things you had said to her who knows how many times... maybe even just before we left, while I was waiting outside your place...","So, even if I did say them, I was sincere with her, as I am now with you.",,,
M0470,"Yeah, found one in this supermarket, keys in the ignition.","Well, how far didya get?","Fat mile'n a half. Hit this red light, highway patrol pulls up alongside.",,,
M0471,Nothing has occurred recently to shake my confidence.,I have heard of the arrogant male in capitalistic society. It is having a superior earning power that makes you like that.,A Russian! I love Russians! Comrade... I have been fascinated by your Five- Year Plan for the past fifteen years!,,,
M0472,Don't then have stars where you come from?,Not like this... They don't seem so bright with all the city lights.  I never really noticed them much...,,,,
M0473,Got a nice evening dress?,I've got a lulu -- why?,"I'm going to give a party, and invite all of the suspects.",,,
M0474,"San Francisco. An oasis of civilization in the California desert. Tell me, do you share my high opinion of San Francisco?",Yes. I do.,And that memorable night when Margo first dazzled you from the stage - which theater was it in San Francisco? Was it - the Shubert?,,,
M0475,,You don't need to do that.,I don't mind...,,,
M0476,What?,Where you lived with them.,,,,
M0477,I know.,"I mean... Gretchen... She won't even let me kiss her. She says because it's our first kiss... she's, like, waiting for this big... moment or something. I just don't get it. I just want to get it over with so we can move on to the good stuff.",The good stuff.,,,
M0478,That doesn't hurt.,But sometimes I cried a lot too.,I didn't. I just waited.,,,
M0479,"Yeah, you ain't half so bad looking for a head nurse.","Yes. Now go along, Mister McMurphy. Go along.","Yes, ma'am.  Lead the way, Sam.",,,
M0480,Certainly a new experience for me.,"Wonderful! Try something new each day. After all, we're given life to find it out. It doesn't last forever.",,,,
M0481,"That's what they think... Guild and all of them.  They take it for granted that it's just another of Wynant's victims.  Guild's hot-footing it around now, looking for Wynant. That's all that troubles him.",What makes you so sure it's Wynant's body?,"Several things.  Hello, Fred.  We're hungry again. Yeah, and lots of onions.  Oh, and coffee.",,,
M0482,I've got a present. Shut your eyes. Keep 'em closed. I know you're going to love them.,"Little - couldn't be an automobile, could it?  Well, well! Ain't that nice!",,,,
M0483,"Well, here it's half.","What if I don't pay ya, Bert?","You don't pay me? You gonna get your thumbs broken.  And your fingers. And if I want them to, your right arm in three or four places.",,,
M0484,,"You look much taller on television, Mr. President.","... Oh, really...",,,
M0485,I tell you -- he didn't do it.,They'll want more than your word for that.,"All right, then -- I'll tell them who did do it!",,,
M0486,"I should pass, but I'll trail along--I'll take three.",I'll bet a couple of hundred.,,,,
M0487,And some man will lose his.,Isn't there anyone in the neighborhood who might cast an eye in her direction?,"Well, the salesman could be available soon.",,,
M0488,What's the matter?,Casy! What you doin' here?,"Well, if it ain't Tom Joad. How ya, boy?",,,
M0489,If you'll just listen to me for a minute --,Okay. I'm sorry.,I saw my lawyer this morning -- I wanted his advice  -- about the best way to handle it --,,,
M0490,"WHAT?! We follow you for a year, and now that our blood's been spilled, you're gonna quit?!",Who's next? You? Me? Bob?,,,,
M0491,Sh-sh-sh-she m-m-made m-m-me do it!,"Billy, that girl couldn't have pulled you in there forcibly...",Sh-sh-she did! Everybody did!,,,
M0492,Hattie is a different person now.,"I don't make no bones about where I'm going to spend eternity. I have always been wild and you know that. If you are made to feel half a man, what do you think the other half is?",I'm glad you brought that up as to who you are. I have to know who is in my house.,,,
M0493,,A time will come when you'll thank me for this.,I won't thank you! I'll never thank you!,,,
M0494,"Come on, Drag. Lemme take a look.",It'd go to your coconut head. You'd start getting ideas. Maybe even pass right out.,,,,
M0495,Oh.,"But I see, she didn't mean old in years. You always carry an umbrella, Bruce?","Well, er -- it looked a little cloudy this morning.",,,
M0496,,You know - we do have enough money. Especially now.,"Sure, baby. 'Fact, I don't ever have to work no more. When that baby comes, I can just stay home and send you back to school. How about that?",,,
M0497,You did?,"Well, maybe not exactly -- I tried to do it with a gun.",Over a girl?,,,
M0498,The number's unlisted...,Would you relax? We've been dating three months. He ain't stalking your butt.,"Okay, okay. You're right.",,,
M0499,"Major, I don't see how this line of questioning could...","David, what are you Counsel for the Defence now?  Did you hear the question?",,,,
M0500,"This is the manuscript in which the friar chronicled the Knight's story... it doesn't reveal on location of the Grail, I'm afraid... but the Knight promised that two ""markers"" that had been left behind would.  This Tablet is one of those ""markers."" It proves the Knight's story is true. But as you pointed out -- it's incomplete.  Now, the second ""marker"" is entombed with the Knight's dead brother. Our project leader believes that tomb to be located within the city of Venice, Italy.  As you can now see, Doctor Jones, we're about to complete a great quest that began almost two thousand years ago. We're only one step away.",That's usually when the ground falls out from underneath your feet.,You could be more right than you know.,,,
M0501,Is that how you came to shoot the policeman?,"Sure. You see, I'd never had a gun in my hand before and I didn't know what to do with it. Well, when I get stuck, I know that there's an answer for everything in production for use. So it came to me in a flash: what's a gun for? To shoot! So I shot. Simple isn't it?","Very simple, Earl.",,,
M0502,,Well why do you -- why do you think that?,Because I know you don't drive around for twelve hours.,,,
M0503,Do you remember where you were on the night of Paul's disappearance?  Which was on the twentieth of December?,God...I guess...I was probably returning videotapes.,,,,
M0504,Would you mind?,Okay. You win.,"If you change your mind about the cocktail party, or anything else, give me a buzz.",,,
M0505,I guess.,"Oh, Rob.  What do you want me to say?","I want you to say that you haven't, and I want it to be the truth.",,,
M0506,,That Foley looks like he's been through a war or two.,I've seen better.,,,
M0507,Didn't you see the lovebirds?,You came all the way up here to bring me those birds?,"To bring your sister those birds. You said it was her birthday. Besides, I was coming up anyway.",,,
M0508,,My mother would die.,Let's shut up and not kill her.,,,
M0509,You could?,"Do you care, Jimmy?",Sure I do.,,,
M0510,,"All right, I'll see you!",Where you going?,,,
M0511,Wait a second--,"Ah, I can smell it on you.",,,,
M0512,Sure.  He was trying to make us his family.,They're killing him!,,,,
M0513,What?,Will you smile?,Why?,,,
M0514,You won't have to.,Well... you don't look very much like Jack the Ripper...,,,,
M0515,...this is a snappy song....,What'd ya think?,,,,
M0516,"Look, Ma!",Thank God!  An' we're still together-- most of us.,Didn' you get no sleep?,,,
M0517,Kiss me and I'll tell you.,Tell me and I'll kiss you.,Freeze has turned the new telescope into a freezing gun.  He's about to turn Gotham into an ice cube.,,,
M0518,,Where are you going?,I'm just leaving.,,,
M0519,Money -- Ever heard of it?,Yes -- yes indeed -- but you are a...  ...a stenographer. Don't little stenographers earn little pennies?,Very little.,,,
M0520,Saddest thing I ever heard.,"Not at all.  It taught me a little sense.  I got me a job in the mail room, worked up to the Stenographic. Now I'm a reader...","Come clean, Betty.  At night you weep for those lost closeups, those gala openings...",,,
M0521,It's beautiful.,A little dusty.,,,,
M0522,,Time to change numbers again?,Nah...I think it'll die off. It's opening weekend. Let's see how it goes.,,,
M0523,,Is that anything?,Thanks just the same.,,,
M0524,I'd say my game is about twenty per cent off. Maybe more.,What happened? Somebody step on your hands?,Yeah. Big creep. Broke my thumbs.,,,
M0525,Meaning?,"Every night, Penelope, for the past two years, I've made it a point to walk through the park at midnight.",Why would you do that?,,,
M0526,What if I reached a point where you didn't think I was crazy anymore?  If I was normal.,If you were eating Kentucky Fried Chicken and drinking Coca-Cola again.,"Yeah...  Would you, I mean, could you love me then?  If I was normal.  Maybe?",,,
M0527,Where is everybody?,It's early yet.,"It's nearly a quarter after four. The party was for four, wasn't it?",,,
M0528,Yeah.  Why not?,"You break your leg, I'll have to shoot you.",,,,
M0529,"Oh, they'll come.  I'll have Guild issue the invitations.",Who do you think did it?,Mimi...,,,
M0530,Peter Finch -- he's English.,I never heard of him. Name somebody else.,Ryan O'Neal.,,,
M0531,Like all the rest of us.  Has this fellow...  ...has he seen the whole family?,And he still wants to marry me!,He's a brave man.,,,
M0532,,"Hey, where'd this come from?",I found it.,,,
M0533,No.  I don't even know why I do it.,Do you think you can get back at your Dad that way?  I mean sometimes if we can't get as close to somebody as we'd like we have to try making them jealous--so they'll have to pay attention.  Did you ever think of that?,I'll never get close to anybody.,,,
M0534,I was upstairs!,I never saw you --,,,,
M0535,Especially not Miss Kubelik.,How's that again?,No key!,,,
M0536,I guess we'll just have to kill her.,Kill her later.  We've got work to do.,,,,
M0537,,"Darn clever, these Armenians.","Yeah. Yeah, it's a gift.",,,
M0538,"Now, go into second.  Little more gas... Yeah!  You can get  this whole problem.  Now, maybe you downshift to first?",This is so noble.,"Well no, it's not noble, but it's a good aid to your lesson.",,,
M0539,Can I sit down?,Why not? We already know each other's secrets.,"Thanks for the, uh, for the breakfast.",,,
M0540,"Forget it, Ma. I got her figgered out. Long as I keep outa trouble, ain't nobody gonna say a thing. All I gotta do is keep my nose clean.",Maybe they got crimes in California we don't know about. Crimes we don't even know *is* crimes.,"Forget it, Ma. Jus' think about the nice things out there. Think about them grapes and oranges--an' ever'body got work--",,,
M0541,"I I was just on my way up, Johnny.",By way of Chicago?,,,,
M0542,"A missionary's widow?  It isn't very likely, is it?","I don't mean believe, like believing in a religion.  I mean, do you believe it has power?  Do you think it could heal a sick person?","Frankly, my dear, I didn't expect anything like this from a nice level-headed girl.  What are you driving at?",,,
M0543,"It's too late for me. And besides... who'd look after her? She'd be alone up there, the fire would go out... damp and cold, like a grave. When you love someone, you don't do that to them, even if you hate them. Oh, I don't hate her.  I hate... what she's become. I hate... the illness.",Wouldn't it be better if you put her in... someplace...,,,,
M0544,What do you mean?,"Well, when I first came to Washington, my eyes were big, blue question marks-- now they're big, green dollar marks--",I see. All right. You finish this job properly--and you get a handsome bonus besides--,,,
M0545,Is your brother ready to go?,"Oh... yeah, he already left. We'll wait inside, come on.",He left!,,,
M0546,,You'd better sit here and keep warm while I go for help.,But where will you go?  We're in the middle of nowhere.,,,
M0547,,"Oh, Mom's okay. They're just givin' her a ride back. She almost blew outta the back of Loretta's pick-up on the way over.",Thank God for bunge cords.,,,
M0548,,Promise you won't laugh.,If it's funny I'm going to laugh.,,,
M0549,"The way things turned out, I don't need to tell you - Miss Emily Norton was no rosebud!","It didn't end very well, did it?","It ended -  Then there was Susie - that ended, too.  I guess he didn't make her very happy -  You know, I was thinking - that Rosebud you're trying to find out about -",,,
M0550,Yeah. I got a letter from Aunt Betty. She says if we don't stop over at Wilkes-Barre she'll never forgive us.,What are you talking about?,,,,
M0551,"It's okay with me, baby. But how' you goin' to like it?",It'll be fine when we get done with it.,,,,
M0552,What are you doing out here alone?,Everybody's dead. I just wanna go home.,Oh no you can't. I've just been there. That's the first place he'll look for you. Where's the school house? Where is the school house?,,,
M0553,What is it? Has he fainted?,It looks like it.  Smell those fumes?,,,,
M0554,,Jesus. We've been at this for six months.,I know.,,,
M0555,Yep.  I forgot about him cussin' out everybody.  Damn that was fun.,"I know, we had a good time.  But ever since you guys moved out here, it seems like we've lost touch.","I know; this a long way from Watts.  But what I like about living out here is that you don't hear no helicopters, no sirens, no drive-by's, no nothing.  Just peace and quiet.  Listen.",,,
M0556,Why should he - and why should you?,"Bill's in love with Margo Channing. He's fought with her, worked with her, loved her... but ten years from now - Margo Channing will have ceased to exist. And what's left will be... what?",Margo. Bill is all of eight years younger than you.,,,
M0557,Can't keep his eyes off my legs.,Like a nylon lemon peel-,Byron couldn't have said it more graciously... here we go-,,,
M0558,Yes --,So did I. He was friendly to me as no man ever was.,Perhaps he really was a burglar -- But they don't kill a man for that.,,,
M0559,"Huh? Try and find a raincoat in Brazil. Even when it isn't raining  Lisa, on this job you carry one suitcase. Your home is the available transportation. You sleep rarely, bathe even less, and sometime the food you even look at when they were alive!","Jeff, you don't have to be deliberately repulsive just to impress me I'm wrong.","If anything, I'm making it sound good.  Let's face it, Lisa... you aren't made for that kind of a life. Few people are.",,,
M0560,"I didn't think you did.  If you had, I wouldn't have asked you again, because I'd have remembered. How old?",Pretty old.  I'll be twenty-two in August.,That's a ripe old age -  What do you do?,,,
M0561,,He didn't do anything. He just told me his theory... It's sad when patients get like that. They loose reality.,Jeremy what the hell are you doing?,,,
M0562,,Ben.  God doesn't like visitors.,How do you know?,,,
M0563,,You see where it's coming in?,Somewhere behind this panel.  Hold this.,,,
M0564,And if I didn't <u>know</u> better - I'd swear we were moving!,"Let's get back to work, and maybe we <u>will</u> be, soon.",,,,
M0565,"Then maybe it isn't different at all. You know, her attitude nearly drove me crazy. I simply couldn't understand it.",When I got back to San Francisco I spent days trying to figure out just what I'd done to displease her.,And what had you done?,,,
M0566,Right from the start we didn't do it right. Could you kneel down?,On the floor?,"Yes, on the floor.",,,
M0567,I'd like to see your friend's face when we tell him. He doesn't sound like much of a detective.,"Don't be too hard on him. He's a steady worker. I wish he'd get there, though.",Don't rush me. We have all night.,,,
M0568,"Eve...  ... by any chance, did you place a call from me to Bill for midnight California time?","Oh, golly. And I forgot to tell you-","Yes, dear. You forgot all about it.",,,
M0569,K through sixth.,Doesn't it get noisy?,I like the noise.,,,
M0570,I slept very well.,That's strange. Nobody is supposed to sleep well in Casablanca.,May we proceed with the business?,,,
M0571,"Oh, yes.",Tell him I won't be able to see him for a half an hour.,,,,
M0572,"We failed to mention the mower guy's a drunk, that he was after more beer and never really saw Kelly go into the house, so he can't say how long she was in there.  Same with the kids.  They saw her running down the street, but that's it.  With no physical evidence, what do we have?  Her word against his.",You're telling me you believe the guy?,"All I'm saying is, we let Sandra Van Ryan push us too hard, we're going to wind up looking stupid.",,,
M0573,"I don't know. It's all been like a crazy nightmare, Mr. Dickson.",What happened?  You're not a thief. How'd you get mixed up with these kind of people?,Gambling - I owed them a lot of money. Last week I lost over fifty thousand dollars!,,,
M0574,,Been waiting long?,It's not how long you wait - it's who you're waiting for.,,,
M0575,I look like some hoochie to you?  I found it on your floor.,What are you doing in my room?,,,,
M0576,"Look, John. Something terribly important's happened. They're forming John Doe Clubs. We know of eight already and they say that there's going",John Doe Clubs? What for?,Uh-huh. To carry out the principles you talked about in your radio speech.,,,
M0577,Are you joking?,"Don't think that I want to save myself from any embarrassment, from the awkwardness of meeting Anna... It's not that; it's that you can say certain things easier if you're alone. Please, Sandro, do try to understand me... It would look like I was trying to influence you, to force you, to control you... and that makes me feel uncomfortable...",,,,
M0578,,"Oh no, you're not. You've gone too far this time ... and who's paying for all this?",It's all taken care of. It's down on our bill.,,,
M0579,,"Elaine, what happened to us?","Ted, I loved you and I'll always love you. But I need Simon.  He's stable.  He's a good provider.  I want that at this stage of the game, Ted.  He might have his faults, but Simon doesn't know the meaning of the word fear and I need that in a man.",,,
M0580,"Well... let's say she thinks only about you, anyway...",How do you mean that?,,,,
M0581,How do I know you don't want to blow up a factory?,What for... why?,Or a tunnel or a bridge...,,,
M0582,You don't care if I die,"Sure, I do",Why?,,,
M0583,"Buddy, I am wandering in a wilderness, lost.  I just feel awful. Do you mind if I get in bed with you for a little while?","Well, all right.",,,,
M0584,,"I don't know anything about bodies!  I mean, he didn't bring it home.  He was good to me... sometimes.  He was sweet. He took care of me.  Who am I supposed to go out with?  He owns a casino.  He let me sing.",He didn't do you a favor.,,,
M0585,"Right. Hal, tell me whether the following statements are true or false.","I will if I can, Frank.",Our Mission Profile calls for Discovery going to Saturn. True or false?,,,
M0586,He's being arraigned tomorrow.,I read about it in the paper.,,,,
M0587,,He's just exhausted.,That man is your father?!?,,,
M0588,,"If you had half the brains you're supposed to have, you'd have done it yourselflong ago.",Do you love her?,,,
M0589,I don't know. They didn't answer.,I was told there were only two men there.,,,,
M0590,,What have you done about Irving August?,"Oh, I'm making investigations.",,,
M0591,You don't like Moore? Since when?,It's not that I don't like him. But the wedding has really got me thinking and... I just keep myself opening up. Crowning. And I want you keeping up with me here.,What does Moore have to do with your growing?,,,
M0592,"She's a grown-up, she can handle it.",I just... Ann is very...,Hung up.,,,
M0593,"Don't you think, do you still think it's a good idea to press this custody thing -- just now?","I'm her father -- supposed to be, but I'm not able to. Yes. Yes, I am. It may be the only thing in my life I've been so clear about wanting. Even if it takes a big fight.",Then... I guess you have to.,,,
M0594,,How did he die?,He was murdered.,,,
M0595,,"We're not exactly strangers, Mary. Jacqueline spoke about you often. I suppose she told you about me,",No...At the morgue they told me a Mr. Gregory Ward had made inquiries about Jacqueline.,,,
M0596,,Now what kind of a crack is that?,No crack. Two packs of cigarettes say they don't get out of the forest.,,,
M0597,That's okay. I should've told you I wouldn't be in uniform.,"Yeah, it would've helped. Have you gotta cigarette Father?",,,,
M0598,To get my car.,Wait.  What about . . . him?,Put some clothes on him.  When I get back We'll load him in the trunk and dump him in the desert.  It'll takes days for anybody to find him.,,,
M0599,,Lucy; come back!,Somebody's gotta do something!!,,,
M0600,Where do you live?,"Orange, New Jersey.","Got a couple of kids, huh?",,,
M0601,The colored vote happens to be very important to the Mayor of this town.,Especially with an election coming up in a few days.,,,,
M0602,"Good morning. I worried about you, last night. You shouldn't have run like that.",I... suddenly felt such a fool.,I wanted to drive you home. Are you all right?,,,
M0603,What about the other boys--Do you think they'll go to the police?,What's that got to do with it?,Why should you be the only one.,,,
M0604,Thurman Munson.  He was covered with dirt and he was fighting with everybody--it was beautiful ...  And he called the ump a cocksucker and got thrown out of the game even though it was an exhibition!  So I stayed in the bleachers all spring and gradually came to understand what's so great about baseball.,What's so great about baseball?,"If you know where home plate is, then you know where 1st base is, and 2nd, and everything else-- 'cause they're always in the same place in relation to home.  Don't you see?  If you know where home plate is, then you know where everything else in the universe is!",,,
M0605,"Oh my G-d, how embarrassing were they? I wanted to shoot myself.","Oh, they weren't that bad.  I mean, they were kind of cute.",Promise me that we'll never be like them.  I don't want to wind up like that.,,,
M0606,,Were you going to make a suggestion?,Yes. I was going to tell you to look into your own heart -- do you really want to find your sister?,,,
M0607,"Wonderful ... But tomorrow morning, if you should wake out of your dreams and hear a knock, and the door opens, and there, instead of a maid with a breakfast tray, stands a policeman with a warrant--then you'll be glad you're alone.",But it could have been glorious.,Lovely.,,,
M0608,,"What is it, David Lee?","Listen, Mama...",,,
M0609,,"And you went home unannounced, too?",I dunno.  Yeah!  Yeah!  Yeah!  I did.,,,
M0610,"Hello, Louis.","How extravagant you are, throwing away women like that. Someday they may be scarce.",,,,
M0611,Marty...,Ma! Leave me alone!,,,,
M0612,It's 2041...,Exactly. The ship's internal clock is off by seven years.,,,,
M0613,"Uh, losers!  All losers!",You're too demanding.,"You know, I could always tell what you thought of me by the type of men you fixed me up with!",,,
M0614,It came out of me.,Did you know what was going to come out?,Yes.,,,
M0615,"You are young. You don't understand the attraction of great power, and you forget the pain of long waiting.",Then we must reach her before she feels that pain.,Yes.,,,
M0616,Did we just - <u>hit</u> something?,I don't think so.,Are you okay??,,,
M0617,,"In conclusion... it should be noted that more than common injury to the nerve roots is always serious, because... once a nerve fibber is severed... there is no way to regenerate life back into it.  Are there any more questions before we leave?",Dr. Fronkonsteen!,,,
M0618,"What's the -- hey, Liz --","-- No, no, no, don't even.  I talked to Laura, Rob.  I talked to her and she gave me a little background. And you're a fucking ASSHOLE.",,,,
M0619,Yes.,Then you go to the left. There's a landing.,Yes.,,,
M0620,Do you call it a game when only one man win each time? I think you call it a damn shame.,Word wit'cha. In private.,,,,
M0621,,"Hello, Mr. Leland.","Hello, Bernstein.",,,
M0622,,"NY Times, Washington Post, War, War, War.  Times got the girlscout page twelve, Post in Section Two.... Horses in Mid-Stream...?",I don't think you're gonna need it.,,,
M0623,No beauty...,Just the beast.,,,,
M0624,How do you know there is a Grand Hotel?,"Oh, there must be one in Paris... They have everything in Paris.",,,,
M0625,What do you mean 'We...?',It's my charter. My party.,"All right, Commissioner. But when we're on my ship, I am Master, Mate and Pilot. And I want him...  ...along for ballast.",,,
M0626,,"""Will be back in four weeks""--  --that saves you eighty cents right there!",That's right--here's the eighty cents for you. I'd rather see you get it than the company--send it right off.,,,
M0627,Exactly!  Fucking ex-actly!,You haven't even seen it!,Nor have you!,,,
M0628,Promise you'll turn around if you get tired.,I will.  Bye.,,,,
M0629,No!  Don't go.,They'll come for me right away if I'm not there.  I have to go.,Don't take anything.,,,
M0630,I sort of already have.,"Well, of course. Your old D-A-D! You know I'll always be there to love and support you, no matter what kind of pickle you're in.",,,,
M0631,,"Well... well, is everyone all right?","I think he got a little scratch, Mother.",,,
M0632,I don't like it!,We'll take it! Will it fit?,,,,
M0633,Do any pupils come to the house?,Not that I've seen.,Then how does he pay for all this? Does he work at all?,,,
M0634,"So what're we gonna do. That's the big question, right?",A salvage claim to a vessel's cargo's as valid as a claim to the vessel itself. It's ours.,"Then we're rich. We're damn, filthy stinking rich.",,,
M0635,What's this?,"A puff-up, I call it.  But Miss Jessica always says ""brioche.""",Looks like an awful lot of breakfast -- I don't know whether I'll be able to get away with it.,,,
M0636,What are you doing fooling around in here?,"Miss Schuyler - I mean, Mrs. Smith - she engaged me this morning, sir.",,,,
M0637,I don't trust anyone.,Then show me how.,,,,
M0638,You needn't worry. It's over and done with. A long time ago.,Annie -- there's nothing between Mitch and me.,Isn't there?  Maybe there isn't. Maybe there's never anything between Mitch and any girl.,,,
M0639,,"So, call me when you --","Whoa, whoa, whoa! Hang on a second there, baby. Why do you need one of the new Buicks?",,,
M0640,Who said Sidney?,I said Sidney!...,,,,
M0641,"There you are. Take some cake, why don't you?","No, thank you.","One little piece of cake won't hurt you. Go ahead, take one. It's full of fruit...citron, cherries and ginger. It'll make you dream. Yes, wonderful dreams.",,,
M0642,That's all right -- our men can ride your horses.,"Not a bad idea.  If our horses get tired they can ride your men for a change.  Now, I don't mind letting you have our horses, but you must promise to put them through their maneuvers.","Oh, sure.  We have horse maneuvers every morning.",,,
M0643,,When did he lapse into the coma?,Sometime yesterday morning.,,,
M0644,"Well, that's all. You will see. Today, tomorrow, inna week, he's gonna say to you, ""Hey, Ma, it's no good being a single man. I'm tired-a running around."" Then he's gonna say, ""Hey, Ma, wadda we need this old house? Why don't we sell this old house, move into a nicer parta town? A nice little apartment?""","I don't sell this house, I tell you that. This is my husband's house. I had six children in this house.","You will see. A coupla months, you gonna be an old lady, sleeping onna couch in her daughter-in-law's house.",,,
M0645,All right? That's wonderful! It's the Majestic -- 44th Street.,Meet you in the lobby. Okay?,,,,
M0646,,Do you really not believe in God?,"It's okay, there's a lot of things I don't believe in...",,,
M0647,"Yeah, right. You can't get enough of me.",Typically male point of view.,How do you figure?,,,
M0648,Hannah and I...can't have any children.  Now I-I-I don't want to get into whose fault it--  It's my fault that we can't and- and-and the details are too embarrassing to--,W-w-we-we've decided after a lot of discussion that we-we'd try with artificial insemination.,,,,
M0649,"You know hed have had him killed, dont you? Does a conscience still burn somewhere inside your sore mind, Deborah? Or is it just cold expediency? Could the boy perhaps come in useful when and if the day ever comes for you to face up to the man you married?",Have you finished?,"When did you learn about his taste for kids, huh? On your honeymoon? Or was it later, when bitterness set in and you turned against your beloved but weak little brother? How did you find out? Did he confess? Try to convert you perhaps? Or was it womans intuition? Or just the way he fucked you?",,,
M0650,"Okay, fellows.","Take it easy, John Doe.",,,,
M0651,,The Collected Works of Alfred Biedermeyer,Her favorite poet.,,,
M0652,"That's wonderful, Mom.",What's a revival tent?,It's a place where religious people--,,,
M0653,"Why, Daddy; you won't be here?",Just do like I tell you -- I'll get word to you through the visitin' preacher.,,,,
M0654,,I'm only half human.,"Deanna Troi of Betazed. Empathic and telepathic abilities, ship's counselor. All of this I knew... But I didn't know you were so beautiful.",,,
M0655,Anita!,"Look. You're way under 30, you're cute, some guys find white Carter's underwear sexy  If you talk to his nose, you don't even notice the eye.",,,,
M0656,"-- oh, sure. A hairdresser. How... how do you a... meet a hairdresser?",Getting your hair done...  Would you like to go to a party?,Not with your hairdresser.,,,
M0657,"I love that youre asking questions, but do you really want to get into all of this?",This is awkward for me.  Talking about it makes me feel better.,,,,
M0658,"...At the hour of midnight, down the road that goes through Sleepy Hollow, across the bridge, he goes galloping, galloping, always searching, always seeking","Come away, Amy.",,,,
M0659,Not great.,"What's that, not great?",The doctor'll be back in a minute.,,,
M0660,Whoa -- wait a minute. We can't leave Williams here. One of the other fellows'll --,We're going to take him over to my private office.  Where's our phone?,That one -- how you gonna take him? They'll see him.,,,
M0661,,"That's fine, Numa, but what about all the people who aren't writing letters.  They're sitting home reading all these lies.  I just heard NBC crew's in town to do a ""White Paper"" - not on the Kennedy killing, but on us.  One of their top guys, Harry Stoner, is talking to everybody he can find about you, boss...","Oh Jesus, Stoner!... Why doesn't he call me?",,,
M0662,Maybe she's with Josh?,Josh!? Why would she be with Josh?,I don't know.,,,
M0663,,"Don't test me, I'm real prepared to use this to stay alive --",-- confirming everything we already know --,,,
M0664,,"Tomorrow?  Oh, but I want to go home now.",You've had plenty of time already!,,,
M0665,It always seemed to me she was sort of lonely and unhappy.,I guess most people are.,,,,
M0666,"Then maybe I saw an old message. There are a lot of them on my desk, you know.",Who'd you have lunch with?,I ate by myself.,,,
M0667,"You'll never get away with it, Miss Andrews. Your father'll stop you before you get half way to New York.",You must have me confused with,"Quit kidding!  It's all over the front pages, You know, I've always been curious about the kind of a girl that would marry King Westley.",,,
M0668,"As far as I'm concerned, I think she's alive... Why, even this morning... that business about the shark... it wasn't at all true.",And why do you tell us this only now?,I... I don't know... I didn't think it was worthwhile... She was laughing over it...,,,
M0669,I dig.,So what's it going to be?,,,,
M0670,No. He wants him back. He'll be by tomorrow.,Okay by me.,,,,
M0671,,"That was beautiful, Robert. I'm surprised...",Thank you.,,,
M0672,What can I do? I am only a boy.,You are the man who wrote this letter. You are the man who has come back to lead us. You will soon have great responsibilities. You must know what to do.,,,,
M0673,"Your responsibility, Dad, is to present the facts, not your opinions, to the men... you're gonna destroy their lives, Dad! Don't do it to 'em. Give it a chance. Let the membership decide for themselves, Dad. Please.","I'll be damned that when my men come to me tomorrow morning, wanting to know what's going on, I'm going to lie to them!","Your men! All my life ""your men"" have been able to count on you? Why is it that you've never been there for me?",,,
M0674,,Do you like them?,Got my initials on them too. They're cute. They're nice little things - what do you do with them?,,,
M0675,Thursday.,Yes. Don't worry. Everything will be all right.,,,,
M0676,,I don't know. I want to see Robles.,What do you want to see him for?,,,
M0677,Sam. He said an hour. Or less.,It's been three.,Are we just going to go on sitting here?,,,
M0678,,"Look.  Maybe you'll grow up and we'll get it together, you and me.  Maybe I'll never see either of you again. I don't know.  All I know is that it's not a good time to be living here.","So, what, you haven't definitely decide to dump me?  There's still a chance we'll get back together?",,,
M0679,"You make me sound like the father in ""East Lynne.""","Darling, no father could be nicer to a child than you are to Amy.",,,,
M0680,Yeah. It's wedged in between Wyoming and Nevada. I'm sure you've seen pictures.,What about finding the source?,I have some ideas.,,,
M0681,Here he comes.,Here he comes.,,,,
M0682,Manolete?!,Who the hell's Manolete?,The great Spanish bullfighter,,,
M0683,That's right.,"Take that story there, for instance. Be kinda sweet if we could collect that ten thousand smackers.",Yeahwouldn't it?,,,
M0684,Do we have to?,"I got this cousin. He's a real doofus, but he claims he can become invisible.",,,,
M0685,,With a gun like that you can kill some of your own men.,That's-a pretty good.  I'll take a dozen of them.,,,
M0686,,"I'm not very good at this, Mitch.",You're doing fine.,,,
M0687,How do you like Santa Carla?,It's a pretty cool place if you're a Martian.,,,,
M0688,What's going on here?  Daphne - Daphne -,It's not my fault.  I didn't invite them.,"Break it up, girls!  Daphne! Come on, help me!",,,
M0689,It doesn't matter to them.,"You were looking for me, weren't you?",No--I was just--maybe--,,,
M0690,Where is inner space?,It's everywhere. But water is always the door.,,,,
M0691,"If the key's on him, to get the key we'd have to . . .",We'd have to kill him.,,,,
M0692,"No, there doesn't. Not really -- just so many want it to exist... so many who don't want to die... want it so much that a place called Sanctuary becomes ""real"". But it doesn't exist. It never existed. Just the hope.",You're wrong!! It has to be!! It Just has to be!!,,,,
M0693,I had a dream that Grandma died.,"Well, she is getting on, but she's fine. I told her you weren't feeling well yesterday. She called to find out how you are.","She did? I love her so much, and I haven't seen her in such a long time. And Grandpa Barney. Is he all, right?",,,
M0694,,You're not gonna kill me?,No.,,,
M0695,Okay -- but I'm going to spread some common sense on the bread. Lisa Fremont's loaded to her fingertips with love for you. I'll give you two words of advice. Marry her.,She pay you much?,,,,
M0696,"Oh, you weren't scared.",Scared? Swimming underwater with that oxygen device of yours. I was petrified.,"Come on, you loved it. It was a new experience.",,,
M0697,"Say what, Walt Spoon!","There's somethin' wrong about it, Mother.",About what!,,,
M0698,What's the matter?,I'm not hungry -- isn't it glorious?,,,,
M0699,Why should I be afraid of you? What are you holding over me?,"I'll tell you what, Toddy. It's because I ran down the streets with the mud and the stones around my ears and the mob yelling for my blood. It's because you were afraid to face it -- and you're still afraid.","No, I'm not afraid. Tell! Shout it from the housetops!  And remember this -- they hanged Burke -- they mobbed Hare -- but Dr. Knox is living like a gentleman in London.",,,
M0700,,Has he got your aunt's address?,I don't think so .. He said the police had been calling .. want- ed to ask me some more questions ..,,,
M0701,I recommend it.,Fine. And a couple of bottles of Dom Perignon. To cabana one.,"Very good, sir.",,,
M0702,,Sir Te believes it's a ploy cast suspicion on Governor Yu.,But something is going on at the Yu household.,,,
M0703,"We caught another Kraut alone in a back lane.  Your father choked him to death with a length of piano wire.  Your father was quite a virtuoso with piano wire.  That's nicer than a knife, isn't it--as long as you don't look at the face afterwards.  The face turns a curious shade of avocado.  I must ask the doctor why that is.  At any rate, we stole into the back of the inn, and, with the permission of the management, we poisoned the wine of six Krauts who were carousing there.",Where did you get the poison?,We carried cyanide capsules.  We were supposed to swallow them in case we were captured.  It was your father's opinion that the Krauts needed them more than we did at the time.,,,
M0704,"Hey, who warned you that they were coming up to the room?",If they had taken us by surprise they would have gotten the tapes back. That would have left us with nothing.,"No, that would have left me with nothing because all of you would be dead.",,,
M0705,,"Oh, hi!  Did you find her all right?","Yes, I did.",,,
M0706,Pheromones?,Glandular secretions from animals. Scents that create powerful emotions.  Fear.  Rage...,Passion.  Of course.  Find the photo of Ivy after the flower ball.,,,
M0707,,"I don't think I can go on, sir.","What the devil do you mean?  You have your lodgings, a certain stipend -- I thought I had arranged everything for you --",,,
M0708,Is it true you're getting a divorce? Comrade?,"Why, you... you little bastard!",,,,
M0709,"That's a train, son. Don't stand in front of them.","Well, I guess I'm going to have to take a mulligan on this one.","Please, Nicky, get back up there.  Try to hurry.",,,
M0710,,Honey.  You got him.,"I don't know that Ellie.  He might get out.  Garber's not bein' straight with the witness, she could be in deep shit if she identifies him, and it's my job to convince her she won't be.",,,
M0711,Shit.  I think I started a fire.,"If our feet get hot, you grab the piano.",,,,
M0712,"He'll agree with you. Tell me, what do you between the time Margo goes in and comes out? Just huddle in that doorway and wait?","Oh, no. I see the play.","You see the play? You've seen the play every performance?  But, don't you find it - I mean apart from everything else - don't you find it expensive?",,,
M0713,Do we simply ask him where he's hidden it?,"Sam, that old woman, whoever she is. I think she told Arbogast something! And I want her to tell us the same thing!",,,,
M0714,"Norma, you'd be throwing it away. I don't qualify for the job, not any more.","You can't do this!  Max!  Max! ... I can't face life without you, and I'm not afraid to die, you know.","That's between you and yourself, Norma.",,,
M0715,"I must have dozed off.  My sincerest apologies, sir.",No apology necessary.  That's the first time in thirty years.,,,,
M0716,We leave Miami in an hour. Soon's we get some supplies aboard.,You'll have a corpse on your hands! That what You'll have. I won't eat a thing while I'm on this boat.,"In that event, we won't need so many supplies.",,,
M0717,"But you're sure we've met, huh?","Last fall, I drove you from the Palm Beach county jail to the federal courthouse, twice.  You're Glenn Michaels.  I never forget anyone I've cuffed and shackled.",,,,
M0718,,There were some shots.,What're you talking about?,,,
M0719,Yes. She bought my sister's business.,That's what she told you. I looked it up at the Hall of Records. Your sister deeded her the business as an outright girt.,Why would Mrs. Redi lie to me?,,,
M0720,"I think maybe, we're both so used to operating at this level that -- How can one person be unhappy? If one person is unhappy, both have to be... by definition.",Bullshit. Who is it? You met someone.,"No. I just need some space, maybe.",,,
M0721,What's the matter with her?,Too much excitement. How about the surrey. Can you fix it?,,,,
M0722,,Don't you open them anymore?,"They either say, 'Kill the nigger' or 'Hope you die, Honky.' -- What ya got in the bag?",,,
M0723,"Not ""we"", Sidney, you!","Correct me if I'm wrong - WE! Because when I'm out on this very slippery limb for you, you have to know what's involved.",Ha!  My right hand hasn't seen my left hand for thirty years!,,,
M0724,Wanna bet?,"My last wife was an acrobatic dancer - you know, sort of a contortionist - she could smoke a cigarette while holding it between her toes - Zowie! - but Mama broke it up.",Why?,,,
M0725,"I'd be mighty proud if you did, Lothar.","Thanks, King.  I've always wanted to take one of these big babies in.","Listen, Lothar.  You know that crack I made about your...butt?",,,
M0726,,I thought you said she was dead.,That was her sister -- the Wicked Witch of the East. This is the Wicked Witch of the West.  And she's worse than the other one was.,,,
M0727,,"Ah, to get out of Casablanca and go to America! You're a lucky man.","Oh, by the way, my agreement with Sam's always been that he gets twenty- five percent of the profits. That still goes.",,,
M0728,"Ma, you sick?",Ya say we're acrost?,"Look, Ma!",,,
M0729,"Sarah, I'm going to Kentucky to play pool, with a guy by the name of Findley. Now, I need the action and I need the money. I told you I'd be back.","If you were going to come back you wouldn't have taken me out tonight. You wouldn't have bought this dress. You're hustling me, Eddie. You've never stopped hustling me.","Now, I never hustled you. Even when I thought I was. You know it.",,,
M0730,"Please, Ilsa, don't be hasty.","No, Victor, no.",,,,
M0731,,"Here's the breakdown of figures on personnel turnover. Thirty-seven percent of our female employees leave to get married, twenty-two percent quit because --","You're working too hard, Baxter. It's New Year's Eve -- relax.",,,
M0732,,We'll just get off at the next stop.,Say what?,,,
M0733,"It's not that simple. You have to be careful. There's another guy that comes along, a hard-on you owe some money to. A mob guy. Wants to take you out anyway, on account of a past situation.",Okay. I'm listening.,,,,
M0734,I am sure.,"But really, you never know.",I know!,,,
M0735,Well.  You've been introduced to the symphonic range of...,"... his snoring, yeah.  He says it's worse than ever.  That snaffle one...?",,,,
M0736,"Nice, Barry.","Rob.  Top five musical crimes perpetrated by Stevie Wonder in the '80's and '90's.  Subquestion -- is it in fact unfair to criticize a formerly great artist for his latter- day sins?  ""Is it better to burn out than to fade away?""","You just drove a fucking customer away, Barry.",,,
M0737,,"As to Laszlo, we want him watched twenty-four hours a day.",It may interest you to know that at this very moment he is on his way here.,,,
M0738,,Hopeless. It's hopeless.,"David, let's go now.",,,
M0739,I don't know. I don't know what's happening.,You mean you're confused?,,,,
M0740,What?,Something funny that happened to you while you were doing a job.,I gotta memorize all this shit?,,,
M0741,,... and he spent the last twelve years in a Milit&ry Prison...,How do we explain <u>that</u>?,,,
M0742,,"They learned.  They cut the power and avoided the guns.  They must have found another way in, something we missed.",We didn't miss anything.,,,
M0743,Chill out --,It's a funny fuckin' joke and it's quick.  Why do women wear makeup and perfume?,,,,
M0744,They killed Casy first.,That ain't the way they're tellin' it. They're sayin' you done it fust.,They know what--this fella looks like?,,,
M0745,"Thigh man?  Mr. ""K"" was a hell raiser.",What is the Dead Poets Society?,,,,
M0746,"When he made his decision, he couldn't have known everything. Especially not the way people like you do, who've returned from exile and feel that you have a right to pass judgement. Because you are blameless, you think you know best who is a sinner and who deserves forgiveness. But you have no idea how people lived here.","When he met Hitler at his birthday and shook hands with him, was he pleased?",I don't know. But you and I already know that he has saved lives.,,,
M0747,I don't know.,You don't know.,,,,
M0748,No teammates in football?  No comrades in Korea?,You must think the whole world is queer.  Well it's not.  War sure isn't.,"Oh, there may not be atheists in the foxholes, but there are occasionally lovers.",,,
M0749,I don't know what to do.,"That's ok, you'll figure it out.",,,,
M0750,"Maude, I must speak to you.","What is it, Harold?",They're going to draft me. In the Army. I'm going to be sent away.,,,
M0751,Ah.,"After that I'll introduce you to my favorite monkey, Elijah. He's got an ulcer, due to a suppressed childhood trauma. But we're getting to the bottom of it.  Psychotherapy.",,,,
M0752,Harry Tasker.  One zero zero two four.,Albert Gibson.  Three four nine nine one.,,,,
M0753,"Well, I hate to say this, but I think the bomb bay doors are stuck.",Are you sure?,"Well, I can't get out and look, King.  But I don't get a green light.",,,
M0754,,"I questioned him for three hours and he didn't make a sound. You don't have a badge, he won't talk to you.",Ten bucks says I have him talking in under three minutes.,,,
M0755,,"I couldn't turn you in, not now. I....I know I wouldn't!",You don't know.  You don't....,,,
M0756,Usually at the point when she's got to rewrite and rethink them to keep the audience from leaving the theater!,It's about time the piano realized it has not written the concerto!,,,,
M0757,Yeah.  Sure.  You mean ... tonight?,"Of course tonight.  Is that a problem? Like, if you've got a guy there or something ...",No.  No.  It's fine.  Come now.  I was having bad dreams anyway.,,,
M0758,Ain't you goin' to say something?,There's nothing to say.,"Well, that'll be the first time.",,,
M0759,"Oh aye, a sledge.",But the way you did it then sounded so phony.,No ... I wouldn't say that ... just like an actress ... you know.,,,
M0760,Because I can see something in the mirror that you cannot. My dear --,What can you see?,You are beautiful!,,,
M0761,Yes.,And you didn't send her to a doctor.,I didn't guess until it was too late.,,,
M0762,"My daughter, Barbara, died when she was six. That was long ago. You're only the woman who keeps care of me. I know you.",Look at me.,,,,
M0763,What?,Right now. Tell me someplace you've been -- someplace on the other side of the world. Anywhere but here.,How about Italy?,,,
M0764,Frost.,Is that what it is? I couldn't figure out.,Did you get hurt? You didn't get hurt?,,,
M0765,,His name is Chuckie Roeder. But something's very weird.,-- You found his mugshot?,,,
M0766,Not to you. Not to Bill.,Isn't that what they always say?,,,,
M0767,You don't have to go this second. You can stay until whenever.,"We've done the hard part now.  I might as well, you know...","Well stay for tonight, then.",,,
M0768,This one has a special meaning.,It's your car but I don't want to hear it. If that means anything.,,,,
M0769,"Yeh, D. B. Oh, just cleaning out the dead-wood. Okay.","Look, Mr. Connell . . . I just can't afford to be without work right now, not even for a day. I've got a mother and two kid sisters to . . .",,,,
M0770,,"Is there more to that, or do I have to guess?",Rollo was a purse snatcher.  My father ran into him off duty.  He shot my father six times and got away clean.  No one even knew who he was.  I made the name up to give him some personality.,,,
M0771,,You don't speak any Chinese dialects? Then you get your intelligence from snitches?,Badgering.,,,
M0772,I think the time has come for you to shed some of your humility. It is just as false not to blow your horn at all as it is to blow it too loudly...,I don't think I've done anything to sound off about.,We all come into this world with our little egos equipped with individual horns. If we don't blow them - who will?,,,
M0773,It's stupid.,I can forgive you a bestseller.,,,,
M0774,Huh?,She always tries to be proper.,,,,
M0775,Whyyyy... he took down the Gatling gun and the cannon all by himself.,"Saved all our lives, Doc. None of the Liberty boys would have come home if not for Web Mimms, Doc. God's honest truth.",,,,
M0776,I think you should sleep closer.  I meant for safety.,I'd be safer sleeping with that snake.,,,,
M0777,Tell me. How did your lunch turn out - with the man from Hollywood?,"Some vague promises of a test, that's all - if a particular part should come along, one of those things-",But the raves about your performance-,,,
M0778,He sure <U>is</U> goin'...He's sworn in.,"Well, swear him out again!...I'll go with you.",,,,
M0779,Is that where they say it came from... ?,"No, they say it came from the waste paper basket!",Where'd it come from before that?,,,
M0780,"Think me fair, do you, Jack?",The moon herself would hide behind a cloud rather than dare comparison with you...,"The moon is too round of face, methinks.",,,
M0781,Can't you let me enjoy the moment?,"The moment's over.  If this guy starts me off with a breaking ball, I'm going downtown--",,,,
M0782,"Well, it's not going to work. So you'd better go.",Let me come in.,,,,
M0783,I guess I ain't.,Why? Don't you believe in the Lord?,"Aw, I do. But 'seems to me us colored folks do a whole lot of church-goin'. It's the whites that need it real bad.",,,
M0784,No kidding?,"Oh, sure.  I used to take him his hot milk and his opium.  Achhh, those were the days.  Vat good times ve had.  Dinner parties vit lovely ladies and gentlemen, singing und dancing.  You know, not many people knew about it, but the Fuhrer vas a terrific dancer.","Really, I never dreamed ...",,,
M0785,,I'm fool enough to believe that one of these days somebody will. Somebody who wants me as I am will maybe walk into the place where I'm working and take me out of there.,Maybe they will.,,,
M0786,"Good idea, and don't forget to give her a good-night kiss.",There's something going on in this house. I'm not crazy.,,,,
M0787,,Why can't I drive home?  I will. You.  Look at you.  <u>You</u> need a ride home.  And you don't even know it.,"Well, thanks.",,,
M0788,"Cramped.  You always drink like this, so early in the morning?",Do you always ask so many questions?,"No, not always.",,,
M0789,,"Look, Mr. Jefferies. I'm not educated. I'm not even sophisticated. But I can tell you this -- when a man and a woman see each other, and like each other -- they should come together -- wham like two taxies on Broadway. Not sit around studying each other like specimens in at bottle.",There's an intelligent way to approach marriage.,,,
M0790,I don't know why I asked you to come.,Talk to him about it.  He'll understand if you tell him how you feel.,"I can't be a burden, especially now.  I know I'll get used to things.  I guess I wanted to know what someone who's lived here thinks.  Upstate, it was a completely different environment.  I don't know if David told you, but I teach fifth grade, or did.",,,
M0791,"Well... yes, quite possibly.","Possibly.  Good.  Well, would you be willing to accept the theory, George, that... possibly... by examining the evidence from one case we might shed some small ray of light on the other?  Does that sound unreasonable to you?","Yes... no, it is not unreasonable. Although I--",,,
M0792,Leave me out of this.,"That bad, huh?",,,,
M0793,Strong enough to get you down the aisle?,"Yeah.  Two weeks.  I didn't get to send you an invitation, but if you...","That's okay.  I'm probably, you know, busy.",,,
M0794,"You know General McLelland, he wouldn't attack unless he had everything just right.  Finally Abe Lincoln came to him and said, General, if you're not going to use my army, could I borrow it for a while?  So he gave it to Grant and Grant just said, let's go.",I'm from Arkansas.  Tell me a story with Robert E. Lee in it and maybe I'll pay attention.,"We're warriors, not desk jockeys.  We've got to be bold.  You always want all your ducks lined up.  But nothing's 100 percent.  It's always 60-40, maybe 51-49. Hell, I'd take 40-60.  Then roll the dice.",,,
M0795,No.  Nor to Elizabeth.,We all have our feelings.  I know that I have mine.  And... I wouldn't want to hurt yours.,,,,
M0796,,"So, you were a geek. Big deal.","Anita, remember espadrilles?",,,
M0797,No deal.,"Fine. But we're not going to let you do your job. Because we're gonna do it. And then, after we do your job, we're gonna do another little job...",Is that right?,,,
M0798,So can I?,Uh-uh.  Only if you got <u>above</u> a C on science.,Oh puh-leeze!,,,
M0799,Then why do you?,And do what? Live alone? Go back to school? Find someone else? Start a magazine for confused woman? ... What if I can't do any of those things?,,,,
M0800,I bought it at a store in L.A.,Who made it?,I don't know.,,,
M0801,,If that little weasel ever walked in here I wouldn't serve him.,I'd slap his face.,,,
M0802,"Eh, fine.","I'll heat some up. My, it's nice to see you again, Harold. How's your hearse?","Oh, it's fine. Fine.",,,
M0803,Three business days.  They mean three business days.,"Wednesday, Thursday, Friday.",I don't understand.,,,
M0804,High time you got back.,I met some very interesting women at the showers. We got to chatting about this and that. You know how time files.,,,,
M0805,I work at Seligman's.,Is that what you want to do?,"I want to be a singer.  I mean, I didn't.  Mother did for me.",,,
M0806,Boy...Holly...Holly.,"I just want a salad.  You really think I'm a loser, don't you?",,,,
M0807,"Oh, it's just marriage in general you're not enthusiastic about, huh?","No, marriage is all right for Harry, and Marty, and Sam and you.",,,,
M0808,,Tomorrow collect from Del Rio -- He's late three weeks. How'd you do last night?,...Fine.,,,
M0809,And you're going to fall for them.,So you think you can get me?,Any minute I want!,,,
M0810,We were all upset about that.,"That's what I'm here to talk to your brother about.  What's with him, I got to get a letter of introduction to have a 'sitdown'?","C'mon, I see what I can do.",,,
M0811,There is no letter.,We'll get a handwriting expert to  What!,There is no letter.,,,
M0812,This'll show you how smart I am. I got it parked.,...For three years?  Let's hope it wasn't a tow-away zone.,You just drove by it.,,,
M0813,A loan officer?,"That's right, a loan officer.","So you mean, if I needed some jack to get my nightclub up and running, I'd have to hype some square like you?",,,
M0814,How much money?,Shelly said it was over two million dollars.,,,,
M0815,"Francesca, listen to me. You think what's happened to us happens to just anybody? What we feel for each other? How much we feel? We're not even two separate people anymore. Some people search their whole lives for it and wind up alone -- most people don't even think it exists and you're going to tell me that giving it up is the right thing to do? That staying here alone in a marriage, alone in a town you hate, in a house you don't feel apart of anymore -- you're telling me that's the right thing to do!?","We are the choices we've made, Robert.",TO HELL WITH YOU!,,,
M0816,"Hi, Marie.",Everything go alright?,,,,
M0817,,It seems your department doesn't believe out new unit is to the public benefit.,"A humanoid robot is like any other machine, it can be a benefit or a hazard.  If it's a benefit, it's not our problem.",,,
M0818,Yes.,"Now, Ninotchka, you're exaggerating.","No, my dear, it is true. That's how they live in the other world. Here we dress to have our bodies covered... to keep warm....",,,
M0819,Does their hair fall out?,Your hair fell out? Just like your father. Weak hair.,,,,
M0820,,I wanted to help you.,Help me? How?,,,
M0821,Tuesday. Are you okay?,"Shit, I guess I missed work.","Frida, Carlton's dead.",,,
M0822,,-- you'll be the prettiest thing in the room -- light's green...,-- oh yeah... what do you know about this guy?,,,
M0823,... Mean through the tubes?,Yes.  It's faster.,"No,  I'm not going through there.",,,
M0824,What are you doing?,Well it's pretty obvious you don't want me around any more.,Well look -- I was kind of upset there.  I'm sorry I said those things.,,,
M0825,"Shut up!  The both of you.  Ain't neither one of you too smart. Especially you, boy.  Don't you think I had my eye on you since first you rolled into town?  You smell like trouble.  Stink of it like a ripe cesspool.",I didn't do anything.,"Killing Jake McKenna's got to amount to something.  He wasn't much of a man, but that don't give you the right to murder him.  And don't tell me you didn't, 'cause I know you did.  I was there.  Like I said; I been watching you.",,,
M0826,,I'll see what I can do.,"You might want to think real hard about the amount, too.  My kids are sitting in the God damn parking lot right now, cause I still don't make enough to afford good child care. Makes me think about looking around for a job where I'm appreciated, for shit's sake.",,,
M0827,That's not what's worryin' me. Why didn't she tell us? Maybe we could have done somethin' -- gone somewhere else -- puttin' a poor sick kid through this --,Quit worryin' about Elaine.,,,,
M0828,Oh!,What would you like me to say -- that a pretty girl with an outrageous manner means more to an old pro like me than a quarter of a million dollars?,No -- I guess not.,,,
M0829,,I won't tell.,We'll go to the zoo sometime. Okay? I think I might have some time on my hands.,,,
M0830,Yes.,"Well, why can't you just lock the doors and go to bed?",I'm very neurotic.,,,
M0831,...This is a nice place.,"Yah, ya know it's the Radisson, so it's pretty good.","You're livin' in Edina, then?",,,
M0832,Good for you.,"Sebastian, please. I don't want us to end on bad terms.","Well, I'm afraid you don't have a choice in the matter. You make me sick. You're a hypocrite and I don't associate with hypocrites.",,,
M0833,With a milk pail in one hand and a marriage license in the other.,"Why didn't you say you wanted to get married back in Aspen. I told the man in Sonora there were four of us. If only three show up, he might call the whole deal off. We've got to stick together. Like we've always done.",,,,
M0834,What'd you give him for the car?,A black eye.,,,,
M0835,Their den?  Have you ever seen anything like this?,Nobody's seen anything like this. Lions don't have caves like this-  -they're doing it for pleasure.,,,,
M0836,He's getting away!  He was at my mercy!,Never show mercy!,I could have struck off his head just now!,,,
M0837,A stereo type alarm system?,Take a look.,,,,
M0838,Must get kind of lonely for a woman living by herself in a big house.,I guess it must.,What do you do anyway?,,,
M0839,You know what. You say it just to irritate me.,I say it because it's descriptive.,"Well, he doesn't strike me as the kind of person that would go in for that sort of thing, anyway.",,,
M0840,"Twenty-five, thirty -- What's the difference? -- It took me two months to learn the combination of that locker.",The legs must be goin'.,"Yeah, they're goin', -- that's nature... That was my locker for six years.",,,
M0841,Where is she?,Hasn't she had enough?,I have a few more questions to ask her.,,,
M0842,,"Come on, we're next.",What?,,,
M0843,The guy's balmy.,"Is he? Yeah, I thought so, too. I tried to laugh, but I couldn't. It stuck in my throat.","Aw, cut it out, will you? You'll get me thinking about Charlie again.",,,
M0844,Interesting.,I now plan to devote all my energies to destroying the douche bag. Any luck corrupting her daughter?,No.,,,
M0845,,So how are you?,"Oh, me, I'm okay.",,,
M0846,Mom - I got it all worked out; it's over.  The best thing is you go home.  Watch it on TV.,"I talked to the FBI, I told them about you, they said if you just come outta the bank it's gonna be okay.",You did what?  Who did you talk to? What for?,,,
M0847,"If you won't sleep with me this time, Benjamin, I want you to know you can call me up any time you want and we'll make some kind of arrangement.",Let me out!,Do you understand what I said?,,,
M0848,"We never reveal our sources, which is why you can talk to us.","It's safe, try it, you'll see.",,,,
M0849,"But how will she look? The fashions this spring are very becoming to her. Gentlemen, the judge will be French, the jury will be French, everybody in that courtroom will be French. Have you ever seen a French court when a beautiful woman sits on the witness stand and lifts her skirt a little? You sit down and pull up your pants and where will it get you?",I suppose you expect us to hand over the jewels?,"Oh, no, no. I am not a highwayman, I'm just a nuisance. All I'm trying to do is make things as difficult as possible.",,,
M0850,You don't think--?,"Looks like he's taking a trip--see the baggage? The only time they ever picked me up, McKinney walked through the room while they were grilling--let's see how good his memory is.",,,,
M0851,She want to play?  Fine.  I can play.,Everybody that she plays with dies.,I know what that's like.,,,
M0852,Yah.,"Norm, that's terrific!",,,,
M0853,,"Richard, Victor thinks I'm leaving with him. Haven't you told him?","No, not yet.",,,
M0854,,Steve maybe you better get some wood for the fire.,"Would you, Mr. Phillips?",,,
M0855,,You say the porters are waiting for us?,Yes.,,,
M0856,The army needs you.,The army can survive without me.,"Then, I need you.  We all do. Without your victory the men would have no hope at all.",,,
M0857,"No dear. I don't know them, but I've heard about them.",Are they nice?,"I really don't know, but I do know that you must return the ring. You get Edward to take you up there and bring it back to the old lady.",,,
M0858,Are you sure?,"Well, I ain't positive, if that's what you mean.","I need her exact name, you see.",,,
M0859,"Mr. Shaw, did you ever meet Lee Harvey Oswald?","You really have me consorting with a cast of sordid characters, don't you, Mr. Garrison.",Please answer the question.,,,
M0860,I'm sorry if it gets noisy --,"Sometimes,  there's a twi-night double-header.  A nebbish like you!","Yeah.  Well -- see you, Doc.",,,
M0861,Why not?,"Why don't you cover it up, Walter!",,,,
M0862,I know.  Mr. Eichelberger -- in the Mortgage Loan Department -- last night he had a little Halloween party here --,"Well, lay in some vodka and some vermouth -- and put my name on it.","Yes, Mr. Kirkeby.  You still owe me for the last two bottles --",,,
M0863,,I'm ready Spock. Let's go find George and Gracie...,Mr. Sulu?,,,
M0864,I'd like to hear it.,Ben -- I think -- I think you ought to be taking it a little easier right now than you seem to.,,,,
M0865,Do you keep any drugs in your house?,"No. Of course not, nothing like that.",Are you sure?,,,
M0866,No. Just a few hours.,You're leaving after you see Cathy?,Well... something like that.  I'm sorry. I don't mean to sound so mysterious.,,,
M0867,,I will not have you use that name to me.,You will not have it?,,,
M0868,I didn't.,Then what are you hiding?,It's a piece of evidence that's worth a great deal more than that.,,,
M0869,Last night? What do you mean?,A gull smashed into Annie's front door.  Mitch... what's happening?,"I don't know, Melanie.  Look, do you have to go back to Annie's?",,,
M0870,No radio source.  Nothing for the bad guys to triangulate on.,Show me how it operates.,That's what I'm here for.,,,
M0871,He has his own idea of a joke. Perhaps his horse tickled him in the ribs.,I've just been to see Mrs. Marsh. Georgina is doing splendidly.  The incision has healed -- clean and fine -- but she doesn't seem to have any desire to walk.,When she's ready you bring her to me -- I'll show her how.,,,
M0872,"""You know what I want...it's not that difficult.""","""Get out! Get out before I call my dad ... he trusts you ... your his best friend. This will be the end of everything... ""","""What about you? What will your dad think about you?""",,,
M0873,,Go away -- hide yourself.,What are you doing?,,,
M0874,,"For two years, I've been tracking the Mayflowers' peculiar interest in three Da Vinci pieces.  Their Sforza replica was as fake as the ""gas leak"" that supposedly destroyed it.","Does everyone in the world know more than me?  Jesus, I'm just some guy who happens to be good at swiping stuff.....Lifted a piece of licorice when I was one and a half.  Who knew it would lead... They even got the CIA involved!",,,
M0875,,"So, when can we do it?",Tomorrow night?,,,
M0876,,I'm going to tell her.,Hey... hey.  Don't do that.,,,
M0877,"If you're worried about the President, call and warn him about the Space Shuttle.",Right.  Sit up so I can see you.,"Uh uh, don't want <u>them</u> to see me.",,,
M0878,"Oh -- I was ambitious then -- ambition was in my blood -- no rest, no stopping. We were drilled like little soldiers -- We danced in the school of the Imperial Ballet, in St. Petersburg. I was little and slim but hard as diamond -- a duty machine -- No rest, no stopping. And then -- I became famous and whoever is famous is alone... But why should I be telling you this? Last night I did not know you at all -- who are you, really? -- I do not even know your name.",I am Felix Benvenuto von Gaigern. My mother called me Flix.,Flix. -- And how do you live? What kind of a person are you?,,,
M0879,,"The name may not mean anything to you, young lady, but say the word and I'll have your sister for you in forty-eight hours.",You can?,,,
M0880,Capitalistic methods...,They accumulate millions by taking loss after loss.,,,,
M0881,"Mrs. Robinson, it makes me sick that I said that to you.",We'll forget it right now. Finish your drink.,What is wrong with me?,,,
M0882,"See?  You could have raised a million dollars, put on a sixty thousand dollar flop and kept the rest.",But what if the play was a hit?,"Oh, you'd go to jail.  If the play were a hit, you'd have to pay off the backers, and with so many backers there could never be enough profits to go around, get it?",,,
M0883,"I'm too old for it, Miss Wells... That's for little kids.",Don't be silly... Nobody's too old to learn.,Okay. A-B-C -- D-E-F -- G-H-I --,,,
M0884,"So, what makes you so popular? What's your secret?",You like me. How come?,Not sure. Let me think about it.,,,
M0885,It's a warm breath -- warm and strong  warmed by the sunlight that shone on the deer's back in the hot summer; sweet with leaves and mosses.,May I pet the deer?,It is wildness and freedom. No one can touch it.,,,
M0886,"Hey, I really enjoyed your set.",Tank you veddy much.,So I understand you're from Lithuania?,,,
M0887,I did what!,"As a matter of fact, you came home without any clothes. You were in your - uh - shorts. Yes, sir.","Oh, don't be silly, Walter. I couldn't walk around in the streets without any clothes. I'd be arrested.",,,
M0888,Certainly not.	You're a mutant.,"That's exactly what Zira and Cornelius claim. You're talking heresy, doctor.",Of course.,,,
M0889,It's the tight girdle that does it.,I find these wisecracks increasingly less funny! 'Aged in Wood' happens to be a fine and distinguished play-,,,,
M0890,How much do you weigh?,... A hundred and eight?,,,,
M0891,From?,Are you from up there? Space?,Space?,,,
M0892,Your place or mine?,"Despite my love of weird metaphysics and my rejection of most Judao-Christian ethics, I am, within the framework of a baseball season, monogamous.",Fact is you're afraid of meeting a guy like me 'cause It might be real so you sabotage it with some bullshit about commitment to a young boy you can boss around--  Great deal.  You get to write self- indulgent little poems all winter about how hard it is to find a man even though you just sent him packing-  So what do you really want?  You wanta be a tragic woman figure wallowing in the bullshit of magic?  Or do you want a guy?,,,
M0893,"I mean, among other things, that it must have been a revelation to have your twenty-four-year-old character played by twenty-four-year-old actress...",That's beside the point.,It's right to the point. Also that it must have sounded so new and fresh to you - so exciting to have the lines read as you wrote them!,,,
M0894,Did you ever get around to the poem on page a hundred and twelve?,"Yes, it made me cry  it was so beautiful...so romantic.",,,,
M0895,"But <u>they're</u> not Skipper Neilsen's son!  It broke his heart.  Then when some newspapers called Carl 'the honest, sincere son of a war-mongering father' - Captain Neilsen resigned from the Navy.  Oh, he still keeps his hand in - playing around with projects like the 'Lungfish' - but it broke him, all the same.",Have you ever talked to Carl - tried to see his side?,"'His' side?  I've seen it, all right. A nice, bright yellow!",,,
M0896,,Hi.  I was worried I was early.,I was a lot earlier.,,,
M0897,All I want's the money.,"Sure, sure, just the money, and the aristocratic pleasure of seeing him fall apart. You're a Roman, Bert. You have to win them all.",,,,
M0898,"No, they won't.",How 'you gonna live?,"I can always chop cotton if I have to.  If you want a ride, I'll take you home.",,,
M0899,,It's only a few blocks to Barnhardt's.,I'm worried about Gort. I'm afraid of what he might do -- if anything should happen to me.,,,
M0900,,The woman who left that message for you sounded very disturbed. I think she was crying...,Crying? Why was she crying?,,,
M0901,,Did you get the letter?,What letter?,,,
M0902,Who wants to eat? I just wanna get over there!,No you don't! You don't want any broads with boots on!,I don't care if they wear galoshes!,,,
M0903,"Oh, Mary . . .",Remember the night we broke the windows in this old house? This is what I wished for.,"Darling, you're wonderful.",,,
M0904,My interest in whether Victor Laszlo stays or goes is purely a sporting one.,"In this case, you have no sympathy for the fox, huh?","Not particularly. I understand the point of view of the hound, too.",,,
M0905,,"Don't think too badly of her... After all, you were in jail a long time and she is a healthy young woman.",Get it over with...,,,
M0906,Why did they leave?,"I don't know, Ryuji said there was a change of plans.",You work for Ryuji?,,,
M0907,I'll think about it.,You really will?,Yes.,,,
M0908,"Time is running out, Dana.  Soon it will be midnight and the city will be mine -- and Vigo's.  Well, mainly Vigo's.  But we have a spectacular opportunity to make the best of our relationship.",We don't have a relationship.,"I know.  Marry me, Dana, and together we will raise Vigo as our son.  There are many perks that come with being the mother of a living god.  I'm sure he will supply for us a magnificent apartment.  And perhaps a car and free parking.",,,
M0909,"You know, someday, Sarah, you're gonna settle down. You're gonna marry a college professor, and you're gonna write a great book. Maybe about me, huh? Fast Eddie Felson, hustler.",I love you.,You need the words?,,,
M0910,"Rache, it may take time.","What's eight, ten years?  Hell, you'll still be ambulatory.  I think.",,,,
M0911,,If you had your way I wouldn't have any friends.,"Oh, come on, Amado--",,,
M0912,"You know, you're not a <U>bad</U>-looking girl. In fact--I think you're lovely.","Keep your eyes on the ball, Mister.",Married?,,,
M0913,"You'll be seeing stars in a minute, Miss Teschmacher. y'know?",Even that would be an improvement.,,,,
M0914,"Hi, Baxter.",What do you want?,What do I -- ?  Just a minute.,,,
M0915,You pay me.,You're a very unusual stenographer --,Moreover...,,,
M0916,I don't want anyone to die.,Except for Small Eyes.,Except for Small Eyes.,,,
M0917,Okay.  Okay.,I've got to find a bathroom.  I'll call you.,,,,
M0918,Thank you.,"You're really...  You, are you the one they told me was the nurse?",Who told you that?,,,
M0919,,"Well, in times like these most people are cutting salaries, but suppose we say, in your case, three hundred and fifty?","Oh, madame, you're just too sweet for words!",,,
M0920,I lost my wallet.,"The check, Bruce!",,,,
M0921,,"When you get through with her feet, you can start on mine.  I haven't been to a chiropodist in two years...  If that's not an insult, I don't know what is.  Gloria, I love you.  I --",Can't we go some place where we can be alone?,,,
M0922,You want me to be a doll forever?,Claudia - don't -,Why not?,,,
M0923,Here.,Aren't you going to have one?,No.,,,
M0924,'Don't sound so sure.,"Well, matter of fact, I done a lot of bangin' 'round.","Yeah. That's how me an' your mother got started. I'm tellin' you, boy, you ain't got a chance without dough. They take it all away from you.",,,
M0925,What do you want ?,I thought you knew! I want to go through life laughing and beautiful and jumping into fountains naked! Good night!,,,,
M0926,I don't have to. I want to.,Is it the money?,Eighty percent of it will go for taxes.,,,
M0927,"--the other half, contrary to custom, shall be delivered in cash into Madame's personal custody.  Darling, that means that on the second of June we'll have eight hundred and fifty thousand francs.",And her <u>jewelry</u> is worth a fortune!,No jewelry! Hands off jewelry! If we're broke--all right. I might pick up a million-franc necklace. But in times like <u>these</u> when we're doing a <u>cash</u> <u>business</u>--why take a chance on jewelry?,,,
M0928,You really like it?,Of course...it's wonderful.,,,,
M0929,What?,Get a hot mug of chocolate.  First thing I'm gonna do.,"And a slice of pecan pie, right?",,,
M0930,,"Chauncey, where have you been? I was afraid you got bored and left, or that you were with some mysterious woman.",No. I was with a man. We went upstairs.,,,
M0931,"You see the play? You've seen the play every performance?  But, don't you find it - I mean apart from everything else - don't you find it expensive?",Standing room doesn't cost much. I manage.,,,,
M0932,Why would Lugosi want to be in a sex-change flick?,Because he's <u>my friend</u>.,,,,
M0933,Charlie!,Oil belonging to the people of the United States was leased out for a song to a gang of high-pressure crooks -  Nobody can blame me because -,Look out that window.,,,
M0934,,I guess we're in for it.,In for what?,,,
M0935,"Because usually, when people find out who I am, they get themselves a wheel chair and a shyster lawyer, and sue me for a quarter of a million dollars.","Well, don't worry.  I won't sue you - no matter who you are.",Thank you.,,,
M0936,What are you looking at?,"The lawn -- it looks like it goes on forever, doesn't it?",,,,
M0937,"Thank you, Leo.  And call me Max. You know, I don't let everybody call me Max.  It's only people I really like.",Okay ... Max!  And you can call me Leo.,I already have.  Come on.,,,
M0938,Please.  It won't happen again.,"No, thank you.  I'll walk.",,,,
M0939,No.,"What do you mean, Fettes?","I'll have no more to do with it. I'll not put my neck into the noose, not even for your sake, Dr. MacFarlane.",,,
M0940,,What do you mean?,People who will help our cause.,,,
M0941,,Did your mom say if Lenny was... okay?,"He must be. They're letting him go, right?",,,
M0942,Don't leave me now.  I fear the unicorn won't show himself without you.,I'm not its master.,The napkin will keep.  I'd rather not be alone.,,,
M0943,,"You know, this isn't gonna end well, these things never do.","Yeah, well, if it turns out I get shot like a dog, it'll be in the street, not off a goddamn fence.",,,
M0944,"Caviat emptor, Mother. Let the buyer beware.",Whose side are you on?,I'm simply quoting the law.,,,
M0945,"Unless. Unless this is part of the routine. You get tied up, stick around, distract me, they both bust in and Steal My Cup Of Coffee.",It's makes it easier. Okay.,I don't want to know.,,,
M0946,Nah.,Then let's get the hell out of here.,,,,
M0947,Fifteen dollars.,That'd be seventy in New York. You stole it!,It's all I could afford.,,,
M0948,I've heard of it.,It's a gift to my people -- and I see MacFarlane and Gray-- the pit yawns for them and the flames -- and I would have you away from them and safe out of the torment.--,,,,
M0949,What's that?,"My umbrella?  Oh, that's just a relic. I found it when I was packing to come to America. It used to be my defense on picket lines and rallies and political meetings - being dragged off by police or attacked by thugs of the opposition.  A long time ago.",What were you fighting for?,,,
M0950,It's the same image - Kong!,"Leave it, Ann.",,,,
M0951,"Your father is Julian Cross, isn't he?","Yes, of course. It was quite a while after. I was just out of grade school when they did that.",So you married your father's business partner?,,,
M0952,"Thank you so much, Judge Wright, for another wonderful interview.","Judge Wright?  Now, Betty? First name terms, surely!","Oh, Oliver, you're so tolerant. Time for a coffee before you rush off?",,,
M0953,"Because... well, you said you wanted a man to think enough of you to walk in the place you were working and take you out of there... tonight I was sort of tied up with Steve... but tomorrow I figured on doing just that.",I haven't got the job yet.,,,,
M0954,,I like women who wear mismatched earrings.,"Well, then... I hope we don't run into any tonight.",,,
M0955,"I don't know. He went to school here, then he was in New York for awhile, then Philadelphia, and then just kind of travelling around.","Must be nice. So, what's he like, is he like John?","No, not at all. Actually, I don't think John likes him much anymore. He said he thought Graham had gotten strange.",,,
M0956,"I've got you worried, haven't I?","I'm warning you, they'll be back in a minute.","D'you know something, ""They"" don't worry me at all. Anyroad, I only fancy listening to you ... that's all but if it worries you ... well ...",,,
M0957,"Rio de Janeiro, maybe?","Maybe, Fletch. Is that Brazil?",That's Brazil.,,,
M0958,,"Why don't we have one more drink, you and I, and then we go down and cut open that old shark and see for sure what's inside him, or not.",Can you do that?,,,
M0959,You oughtn't to play this trick on me.  Running out when I was giving you time to rest up before I asked you those questions.,You mean about that gun?,That ain't a gun any more.  The firing pin's busted - the -  Don't waste time talking about that.,,,
M0960,"I'm not, no.","Well, you look like him.",Oh do I? You're the first one who ever said that.,,,
M0961,"What's that one, there?",Tattoo. Had it taken off.,,,,
M0962,"You, Kelly, Sam.",I don't have to listen to this.  And you can't shove me around.  I have friends now...,,,,
M0963,God's victim. That's her innocence. She belongs to God.,And I intend to take her away from Him. That's what you're afraid of isn't it?,,,,
M0964,,A big family must be fun...I imagine it makes you feel you belong to something.,It does...Maybe that's why I feel kind of lost right now.,,,
M0965,"Sure.  How much does the job pay?  Sure, if there's a chance for advancement.",You wouldn't consider going over Niagara Falls without a barrel?,'At's-a no good.  I went to Niagara Falls once.,,,
M0966,,Well?... what'll you do?,"Nothing for a while. You forget, I'm a man of independent means. Or fairly independent.",,,
M0967,You eat like a bird.,"You'd know, of course.","Not really. I hear that expression, that one eats ""like a bird,"" is really a falsie, I mean a falsity, because birds eat a tremendous lot.  Oh, I don't know anything about birds. My hobby is stuffing things... taxidermy. And I guess I'd just rather stuff birds because...  well, I hate the look of beasts when they're stuffed, foxes and chimps and all... some people even stuff dogs and cats... but I can't... I think only birds look well stuffed because they're rather...  passive, to begin with... most of them...",,,
M0968,Are you one of those people who cannot imagine the Germans in their beloved Paris?,It's not particularly my beloved Paris.,,,,
M0969,"Not now, my dear.  I'm playing three no trump.",They've come for my car.,Please.  Now I've forgotten how many spades are out.,,,
M0970,I'm gonna love winning this championship in your house.,"How do you say ""you're dreaming"" in Italian?",,,,
M0971,"If you were the lady who gave me a ring, my mother says I have to give it back to you.",Return it to me? Indeed you may not. I gave it to you as a present.,,,,
M0972,You telephoned me to meet you. I've been standing on the corner back there -- waiting for you.,I'm sorry -- I heard the children laughing.,,,,
M0973,Not quite. She was trapped in the wreck for about six hours before she passed on.,"Whewww! Those acts of God really stick it in and break it off, don't they?","Yes, they do.",,,
M0974,I don't understand --,Did you say rape her?,-- how you -- how anyone -- could do a thing like that.,,,
M0975,"Now don't go getting any ideas, Miss Kubelik.",I just want some fresh air.,It's only one story down -- the best you can do is break a leg.,,,
M0976,Me?,Daphne has a beau - I have a beau - if we could only find somebody for you.,,,,
M0977,"Uh, atomic energy?",No.  They're beyond that!  They're smarter than the humans.  What's <u>more</u> advanced?,Dynamite --,,,
M0978,,I swear it was here.,"But it's not, Jimmy.",,,
M0979,,It's the Genesis Wave!,What?,,,
M0980,,But it's leaded up and anyway a 22's no good for real huntin'. You shoot a man with a 22 and where are you?,The thing to do is stick to rabbits.,,,
M0981,...ven't you?,"You're putting your talents to very odd use Mr Lowry - yes, odd use - to pit wits against Central Services -","...sod you, stupid twit.",,,
M0982,It's very hard for him to talk about this stuff.  It's like it makes him sadder.,You want me to talk to him?,,,,
M0983,"Now Gallagher, if we could only get a great scene - a tremendously emotional scene - something that would just wring the hearts out of the public - to bring the curtain down in the second act - that would be okay. Couldn't dig one out of your hat some place, could you?",Nope - afraid I'm all out of tricks tonight.,"Now, we've got it right up to where the boy's wearing his white spats and going to teas and the frau enters - how's that?",,,
M0984,"Oh, you won't be so lonely. You'll make friends right away.","Actually, I don't make friends easily.","What're you talking about? You're a real likeable person. You'll make friends out there in Portchester one, two, three. You'll have people visiting you alla time. I'll come visit you. I'll borrow my brother Freddie's car, or you can call me up when you feel blue, or I'll call you up. And it's gonna be nice. Don't be so afraid.",,,
M0985,,I'll be home in time for supper!,"In another hour, I'll be King of the Forest. Long Live the King!  If....",,,
M0986,Worse than that -- she was the wife of my best friend -- and I was mad for her. But I knew it was hopeless -- so I decided to end it all. I went to a pawnshop and bought a forty-five automatic and drove up to Eden Park -- do you know Cincinnati?,"No, I don't.","Anyway, I parked the car and loaded the gun -- well, you read in the papers all the time that people shoot themselves, but believe me, it's not that easy -- I mean, how do you do it? -- here, or here, or here --  -- you know where I finally shot myself?",,,
M0987,Me?  I'm busy.  Just finished one script.  I'm due on another assignment.,I don't care.,,,,
M0988,"Let's not start all over again, Charlie.  We've said everything that can be said.","Susan, don't go!  Susan, please!",,,,
M0989,"You talk kind of funny, but I like it.",I used to be an actress.,Yeah? What do you do now?,,,
M0990,,"Yes. You'll have a great story, won't you?","Yeah, swell.",,,
M0991,"In the city, it happened all the time -- some Kid o.d.'s on a rooftop, top, a drunk gets cut in pieces under the Brooklyn local, old people die alone in shitty apartments and three weeks later someone calls the cops because of the smell and the flies.  Call the cops.  What are we, immune?","It was bad, wasn't it.",The goddamn smell is always the same.,,,
M0992,,But you went ahead and made this appointment without asking me--,"Jim--when the lightning hit, I--I just--",,,
M0993,"Mommy...I mean, Ripley...I'm scared.","I know, honey.  Me too.",,,,
M0994,,"Poor Dad, does that still bother you?",Only in bad weather.,,,
M0995,I see.  She must have been very happy here.,Too happy. That's why I discharged her.,"Isn't that wonderful!  You see, madame--",,,
M0996,"He was upset with moving, I believe.",Is that all he said?,"Why, yes.  Why?",,,
M0997,"She wanted to go out to my car, something about my car...",Something in your car...,,,,
M0998,No. No one has stopped here in weeks...,Mind looking at the picture before committing yourself?,Committing myself to what? You sure talk like a Policeman.,,,
M0999,How?,You get to your feet in the Senate and present it. Then you take the Bill and put it in a little box-- like a letter box--on the side of the rostrum. Just hold it between thumb and forefinger and drop it in. Clerks read it and refer it to the right committee--,"Committee, huh?",,,
